Country,MAC,iPV6,LoginAttempts
BR,C2-DB-81-A4-DD-2A,9fad:1dc2:dab6:eaf8:7844:f46c:6367:48a9,778
ID,F7-79-90-93-79-FB,5ec7:ba46:af4c:1b3f:440:f68e:83e6:1691,335
NG,8B-EE-BE-7E-2B-BB,3ed8:6a6a:64f8:1b63:cb3b:8507:9ca6:3649,777
CN,B6-16-B7-F7-21-1B,23cf:95f3:46d8:2298:fb72:6b28:7986:fd08,504
CN,81-60-58-78-F8-9A,3b39:3a28:ab66:1622:f118:385a:ca1b:2b69,46
PE,4D-C4-AF-D8-54-85,53af:6ebf:4c2c:7673:3a9d:ca8:15a2:8b5e,100
CN,D8-CF-27-6F-43-34,4547:2a13:3ca1:d511:c7e4:db47:62f0:ae93,641
CU,AD-65-8B-A1-13-A6,22cf:7e95:9892:664e:5c37:9e7c:f8a0:cfd5,748
UA,AD-59-71-9F-C8-7A,1bcf:6b16:35e3:1d7e:21e1:9cd1:dcf9:b39b,420
PL,53-C5-C7-86-0B-DE,a6b0:c934:8df9:d9c0:c29f:5b6:1f84:374a,61
HR,4C-98-10-C9-40-6E,eac8:60c1:db34:57dd:7d9:841d:2af2:a993,779
ID,D8-E4-8B-22-0F-BD,4ab:784f:526e:882f:ca76:65c0:f980:53b7,857
CN,18-A7-C8-AD-27-56,97f2:7c6c:4779:796b:6e9e:444f:597e:1ecf,126
NG,F9-72-5B-01-24-51,f6c8:e825:f558:4f37:b617:33c1:f318:518b,492
HN,5F-FF-35-15-26-5A,b6e7:9a25:c18d:c3a7:93c7:2e49:3942:519d,136
CZ,5C-F1-80-DD-A6-62,a917:dcb9:fa39:8f53:2462:45e2:5d26:41e2,792
PT,B1-E2-38-8D-B4-C1,4e22:c4ad:2e6:9dd8:4e54:200a:25da:8c98,282
US,D9-9F-A6-E8-D2-FC,97cb:dc89:253c:6f8:bb7d:6c8a:5ec9:3bd1,452
MT,22-9A-4D-98-0F-10,b489:fcc8:a303:b06:8401:5022:d641:dc69,993
CZ,6A-17-CB-CB-62-BD,23ac:b079:5335:5cc6:f713:5cdc:690e:b552,686
EG,57-6C-99-33-EC-25,ebbc:3018:fd70:6cac:c7ab:780c:51db:7787,632
MY,93-BE-8C-1B-EA-C5,c0e0:c5a4:a46f:8dfd:6bc9:8170:e33c:2483,531
CY,EB-08-CC-D0-7E-46,75c5:c105:b03e:4ba4:df8d:9e2a:2c76:6dc8,653
TH,F9-51-1A-10-41-9D,8dad:dfba:7eb1:425d:6b9b:3bd2:c139:37b0,893
ID,B8-8C-9C-9A-D6-05,cea2:a6d0:f553:f155:1332:d4de:41cc:daaa,471
RU,ED-19-11-B7-B3-47,8733:d9db:3b75:e04d:51ce:50b:6a4a:8428,331
CN,45-9F-5D-B4-E6-B7,6061:33bb:3b6e:ca45:59:9015:dc77:d6fb,777
CN,EB-16-36-B4-27-52,102c:99e3:4087:8294:9b7:c493:182:1f58,158
RU,B5-7F-5D-65-00-FD,c5e2:8569:f5b2:9e62:a0bb:a94a:d81d:6b99,933
CN,DE-46-45-13-C2-3F,25ad:db85:e6e0:86f3:c2c7:e95b:a9e:ef8c,654
JP,45-C6-F1-CE-D1-70,f241:762c:b765:53e5:53ec:6ffe:fea:e90,770
FR,7A-DB-87-A8-AC-7F,8459:5bb0:1439:e597:1346:946c:da82:4424,475
CN,36-FC-E1-82-CF-E5,899:764f:4248:873b:aad1:d3af:315b:adc3,989
CN,C7-34-6B-48-93-4C,c6c7:2d26:2ff2:a15e:e43:8fae:7101:c1b0,255
PH,5C-4C-54-C5-B6-7C,af22:9257:d08e:184f:370:aa0a:77bb:4c52,411
PT,50-E3-A9-DF-49-79,8e75:76cd:ffa7:e86c:dfa6:3fd7:201:2c7b,275
AU,CB-D4-C9-02-8E-F8,ce9f:1bdc:9a29:858a:3efb:fcc8:723d:ea27,954
IE,34-CF-9F-E2-2D-CA,f7a1:b4b9:d2c6:aea4:5b64:38fb:47b7:755b,117
VE,4E-B3-3F-09-8D-FA,1055:f49a:699c:eb3e:a1d5:5313:1eec:3e50,715
BO,91-79-3C-BE-43-E9,8a88:7ac:99c9:9557:502c:a2d0:4981:9aa9,522
CN,FF-FB-BE-33-93-15,ce4b:717b:d84d:f29e:6d6:9f8e:41ad:42f7,256
CN,71-20-05-A1-FE-68,4d30:a7d2:4305:94ea:39eb:902c:c797:c4c9,810
CN,4B-2B-7E-A1-A4-12,6a85:142a:b7b6:a942:996e:ed99:e592:7ac3,39
CN,12-F2-35-09-24-44,a310:dd00:d6ce:32f3:1f62:aafd:44e4:bff4,938
RU,26-67-A4-A3-73-4C,7781:7ef0:392d:1730:60b9:8a81:228:1737,620
CN,6F-AD-7E-4B-0D-3E,bc2f:fdc3:b3c2:b99:ca45:b8f3:97a8:1831,737
SE,77-9E-93-33-D0-0A,c1b3:b070:3b7c:59c5:af99:9708:597e:a509,225
CN,EB-A0-7D-30-37-BA,1d90:7b40:4ff9:9014:c452:7da1:90f3:3404,208
IL,EC-F5-20-8E-A7-4E,26f2:2c40:fd0:7a12:5e95:aebe:f6a1:ea4d,482
CN,C7-14-AF-BC-61-2D,b5c:486f:8f3c:7c0c:f886:f39c:252b:f14b,526
AF,33-09-22-D9-C0-9D,39eb:f86:a730:b935:1422:f81d:2e88:5ea4,222
JP,D2-4A-81-3B-AB-D7,9d50:9f7c:ded4:6cb1:d49e:1805:497:c44b,590
ID,E8-0D-F6-56-61-BF,9805:35c4:6c83:e237:a253:40b2:d96a:8949,567
CZ,BF-37-D2-6A-8A-CA,7312:1bcb:8372:8d98:bd5a:a048:d9b4:4d47,111
BR,46-BB-59-4F-8B-81,8de0:3106:bc6f:8263:bce8:4b16:99f9:61c,275
NI,36-26-9F-73-DC-99,31b:14fb:9eb6:ba25:e425:d79a:b1cc:ba82,25
CA,B2-74-60-35-DC-99,85aa:6720:eeca:7bfa:c56:2a95:479a:20e2,151
SE,AE-BB-BA-18-1D-33,5c5a:5a4:2eec:8d07:ec79:bab6:c7e0:a3a8,691
CN,41-72-DB-D4-AB-5E,267b:b609:6727:dc16:aa68:aa1c:1595:bddd,952
ID,7F-AF-66-6C-69-7D,d874:ca7f:c14b:21de:1a8c:ab16:355:babd,689
CN,6E-17-0D-0B-DB-83,5f6f:1a:4ad9:4764:3d15:3cfe:f1d9:7c2,356
US,D6-E7-6D-A9-C4-3D,b9b0:7dab:a764:c7cf:2ee4:e2b3:4796:9ce5,649
FI,F8-C5-2A-96-A8-2F,c782:1574:e760:3852:f6b8:89b7:2a05:87d5,999
HU,49-81-56-BC-C7-9F,fcb6:6a6e:fae2:2f66:cc79:5529:6d7b:389a,414
ID,56-92-C4-86-CD-BD,3c3f:7ccf:6889:8d30:1bd1:f455:d6d1:a863,661
US,06-AD-AF-50-7B-22,a12:1709:5546:851b:5582:4e4f:35f7:37c0,530
CN,9F-24-92-E4-19-A7,1aba:c3b6:fa3b:8d5d:6f78:ed6e:6701:c89c,541
VN,6D-75-22-70-A8-5A,419a:1ac9:2f51:64fc:dedf:5bd5:b767:a407,253
ID,2C-27-7F-3E-C7-D8,e182:bbd9:e4f4:f3ad:3793:28a1:ac6c:d323,33
DO,29-66-18-4C-01-46,c738:2aab:dba3:b2df:46eb:5bd6:3275:59d6,71
CA,07-4B-82-26-F5-75,c5ac:ef7f:98e9:8e4:152c:8e86:f834:5f87,368
US,6E-DA-62-3A-F5-52,a3b0:15e3:6d88:12d6:b27f:22fe:4878:4ae8,37
PL,22-1B-C2-49-75-85,b6b5:8d6d:b35f:f000:490a:6304:7b39:ae43,536
UA,1A-84-AD-7D-C4-DF,1d33:a9ca:59a3:26ba:3b69:9dc4:14df:c0bd,486
ID,D3-76-2B-0D-6A-D2,14ba:b8e9:8b59:76ca:2609:18fa:320f:37dd,839
ID,BB-99-7B-FB-30-C6,4696:986:1a06:d950:e986:848c:71ec:1f83,641
AM,A8-C0-D6-E2-E1-F8,aea:8d4f:a66f:afd:953b:33f4:a19b:f605,261
RS,18-E9-DB-4C-61-FD,55ba:5aba:bb19:5534:2aa0:a60c:9255:63f7,463
HR,3E-CE-23-56-A6-DF,115f:1188:ef63:d868:7af3:ae2a:3282:8a73,165
CZ,D1-C4-27-09-EC-1F,34a9:89bf:5c4c:9b8d:882e:27bc:a17e:a6c,194
RU,B5-8D-2E-3B-F0-93,3a3e:94c6:ba4d:9223:dc2c:b93f:a111:212a,113
EE,76-36-FE-17-27-18,1dad:247b:d3ae:52bf:cc37:8144:31eb:8d07,722
AR,37-40-F3-2E-6D-C4,9afb:4c37:57e:2b75:2821:6891:ba88:3740,904
ID,A2-28-DD-1A-E4-C3,6b9a:1be2:75:3316:6560:7da1:e79a:f358,541
RU,65-50-FB-F5-13-FC,3e5e:2eff:f4b0:7a95:6f86:b708:e061:ee35,212
VN,22-59-DE-9C-DE-70,d24a:6e79:818b:ed37:89bf:d887:4849:eef3,425
CR,A4-E3-B5-89-36-7A,3ba7:6f60:5801:9332:ee5d:bb67:1ba1:c650,941
JP,28-66-53-65-03-85,f9d8:e5bc:6f72:7bb:76a0:a86e:9262:232e,146
BD,C0-D6-24-38-BC-75,8bc3:f699:23c0:3a42:e06e:4c88:a064:52c4,172
PL,71-EA-12-38-99-96,fe3:151e:8f05:7449:a402:5fc8:54ba:888a,688
DO,B3-E4-89-A7-14-E6,96ae:9a32:b20a:8294:d3f4:eecf:edac:4667,994
CN,A0-B2-07-31-DB-9C,4356:56ce:e54d:a932:e9b:6f55:5ee7:f2a4,495
CN,B8-BF-CA-55-FB-2E,bbca:b865:977a:351d:c2c4:34f4:685b:276a,906
CN,41-52-BF-F7-31-11,2e32:a63:2984:a1fb:a6b8:c8bb:6db4:93dd,765
SD,F6-C2-A4-53-D4-CA,ee0e:7648:dcd5:eb49:53fb:1f47:511f:717d,587
TH,44-33-7D-F8-BF-AA,7475:faa1:fea2:dbd2:da0:97e3:11a4:7334,94
CN,AE-F4-EF-04-BA-B0,728f:9475:d38e:73d8:792f:2d8f:b96c:e804,969
ID,34-37-0B-E1-EE-21,66f:3a08:9f38:bdf:be19:d04d:3282:f2d,796
RU,82-D9-13-61-EE-1A,4432:91b6:4af2:a196:fdff:269c:88bc:823f,703
CN,56-85-91-04-9B-19,368b:334f:82c3:fe6d:464a:20ff:8bb7:a5c3,139
CN,F4-9C-4B-C1-CD-12,afcc:7986:8d6a:a52d:128:d8f4:4d1c:fd56,253
ID,19-4D-F1-56-9C-58,10f6:8b4e:e3a5:99fa:ddac:994b:c05f:ef04,584
PH,4B-8D-FA-C1-47-6E,4499:4a17:71d2:1557:f1cc:d270:bac5:3db9,986
ID,5A-0D-EF-F6-CB-B7,ebe9:28b3:1371:3cc7:e5c5:3c10:6f70:563a,342
GB,A5-15-99-10-DF-99,e665:6394:cd77:725b:7630:5788:ca32:cb8f,185
AR,DE-A5-11-17-27-27,d5fd:5b0f:ca69:a998:90b1:55a:d4dc:8c3d,456
KZ,FF-D8-F9-C7-CC-43,3ac5:fa6:220c:997d:f46a:e64e:fa2e:67f8,185
ID,28-CB-EF-BE-F6-9B,db7e:bbfb:9e80:5f18:dc29:c856:e549:c7fb,359
BY,1E-70-C6-D9-B2-86,eebb:7fbc:45b5:e6d9:ab24:380e:9db3:c8cf,997
ET,9B-4F-D7-CF-11-84,f892:7895:9041:a9cf:f307:5889:66bd:ec1b,631
NO,2D-40-9C-15-71-16,9baa:20ee:88cb:f417:eac6:1afe:af65:2a96,697
VE,BA-25-CA-AA-38-41,f4c0:1b2b:88a5:82bd:4b10:3bbc:b173:133a,859
UA,E3-0F-37-1E-DE-38,765d:5ad:edab:a84d:9017:afab:b85f:1faf,955
GR,0E-AD-7F-B8-19-A0,2ca7:c833:5dfa:e762:dc10:ad13:d51d:a2db,150
GT,77-6D-A4-99-D1-28,3f54:ef13:1e22:1539:a4f6:3cbf:ac7:ee08,835
CO,DC-C3-58-44-38-36,7ee5:db06:a5e8:48a7:1317:560:6770:559f,968
BR,17-30-09-2C-24-7F,722a:eccd:44f3:839e:71d2:77e0:fbc0:823a,852
MA,BB-3C-62-56-77-4F,564e:ab46:4ece:1b97:4ff5:5d31:6f47:b309,380
TH,CB-31-DA-FC-DC-65,d8d8:7b80:82fc:5d48:6e4:26b:152:64af,833
US,EE-48-98-59-E7-4A,189b:40a0:130d:c34f:a658:db:e1fb:45a8,53
FR,64-3C-D5-F3-1F-FF,4e2f:ada9:5c13:8d18:c672:36b5:2637:b171,92
MD,44-AE-FD-63-32-15,2cad:f691:3b2e:b436:6293:294a:2d2d:981d,666
CN,AB-98-B5-BD-A9-D3,7b17:6f31:4803:30b0:1dec:ff0c:12d0:180b,286
ID,48-6E-F5-15-8B-9B,59ef:468c:19be:2d49:72af:2eb7:e510:6bc0,968
US,E9-45-0B-41-A1-15,f46b:c5a0:7c6e:d8a4:fea2:e70c:c8a:9c94,472
BR,C2-4E-7E-9B-FC-1E,aeee:d207:97b2:7e81:1867:2b4c:d375:2835,819
UA,9F-43-90-96-59-0C,d256:50e6:c744:61ea:bc54:ee00:1c3f:2994,907
ID,13-27-12-8F-0A-D1,eb06:18d5:443d:8195:2564:dbc4:e774:45e0,649
CN,D1-24-5E-8F-DE-13,2863:ee44:fa0c:a01f:cff4:a647:4200:c113,305
CN,77-A0-59-15-A5-58,8cf:beb:aaa8:39d5:febf:6c39:42e6:f3bf,73
PL,D7-97-18-2B-B5-01,8db7:ef54:e873:e1dd:911c:9944:54e7:8551,2
AR,DF-78-DC-A7-70-66,c8ea:83f1:b205:4a3f:7ae2:d1ed:1cc7:bd2c,212
PH,60-39-DF-44-07-D9,51e7:1ad5:1536:2efc:6ec9:b7df:7878:f5c1,130
TZ,01-F2-24-F1-60-A0,54db:5024:6907:9081:23ad:7ff2:112b:b2d6,86
MY,96-DE-32-12-8C-17,f56a:1b4e:9fa7:59bc:a1c4:c2f7:ddff:b7e2,517
CN,77-3B-C3-EE-16-70,4f4a:b9d0:f3d5:9309:5c31:7542:f86a:95a3,643
FI,59-A8-A8-D7-86-D0,9cb2:e4e0:6e24:df72:ac9b:bfc:2160:ea09,457
NO,D9-DD-CF-1D-18-8E,42b4:82f7:3832:5ead:ac4a:f822:455a:8e2f,474
BA,9B-CE-EB-F8-16-B0,2ead:c2e9:7339:138d:e947:eea3:ec5b:50e1,258
PH,82-32-75-59-60-15,86a9:d365:29f:c400:d8d5:5c51:576e:e4d5,745
US,82-ED-1A-1E-66-54,9e5:b366:483d:cca3:6d0d:bc0a:4b80:f0ac,799
ID,2C-43-FF-18-5A-BB,c975:4378:639b:a4ac:7552:9c63:2d87:44f,558
PT,4B-98-90-AA-BF-5A,5aaa:b94d:abf9:831e:d1f6:331f:da86:c8b5,507
TH,10-76-C1-08-75-4F,c5e9:940a:9c64:8680:c25b:94a4:6be:4919,559
AO,44-08-18-05-DF-25,f264:e4b4:f6b5:e58e:8a47:7da:ca7e:e45a,674
CN,53-00-79-96-0C-75,e9fc:866a:c332:82f9:2587:1c19:b6b8:14dc,588
CN,8C-F2-34-0D-FA-69,cf05:25cb:bcda:2d5c:980b:4ec5:bd35:1ce0,37
PL,3F-60-86-23-F3-8B,7238:825a:9245:30b9:7199:2b5b:a2ce:594e,805
RU,34-49-F0-6C-9D-4B,d649:693d:242c:4dc3:cdd3:afea:5e81:b543,914
PH,66-1D-91-35-47-1C,d0ec:4e5:309e:a3ca:329b:3629:d26e:3647,80
PH,D1-44-8D-D3-07-12,8244:9d85:85e:2a40:39ab:f37e:96a6:e779,821
GH,3C-FC-09-81-A8-41,abc9:774a:b5a4:36c5:ddac:c28:56e1:8884,804
MY,36-18-75-CC-65-85,bcfe:d9b6:f289:1f3:b38e:bf8b:2af9:dc36,926
SE,70-D3-0C-AD-13-A1,9c0d:9dd6:290f:cdd1:3c8e:ede5:75a3:ed30,373
IR,44-59-BE-96-13-9E,6c61:2350:cbc7:46fc:a26d:cc4e:b4ac:a3f4,941
CN,28-1D-18-07-10-2A,3a55:8c01:a179:e751:dc98:3997:a64a:b482,964
CN,4E-CB-A1-C3-4B-48,cd61:3d6b:56e2:3c07:faac:6cc6:77b:2eb,89
CN,E9-73-6A-E6-62-92,2a9d:78fc:cc89:78a1:1b01:a5aa:1517:27f1,78
PH,4D-FA-F6-34-8D-B8,eb96:1263:7c86:a116:b55c:d917:98ee:9e43,650
PH,B5-0B-70-CF-CA-62,3c8e:5618:bd1b:773e:b738:5ba1:3602:1ff9,995
CN,8C-00-80-94-1A-E7,b3d8:4a9b:46df:48d2:7e72:ed2b:9f3a:a922,917
PE,51-5C-1F-74-9C-C4,825c:54bc:6c40:2cd6:152e:c1b7:6e23:23cd,731
UA,62-48-2C-0D-96-60,79fb:acba:2dda:3e0c:a5c2:7c01:1884:f1a2,596
UA,F0-EC-FD-CE-41-97,8081:3e22:e507:c8e3:8a56:3c2f:71f4:ab56,783
CN,8E-B1-00-9C-AF-E6,f491:cd5c:1133:934:8ebc:7c5e:3508:6205,89
NL,7F-52-3E-F6-95-35,18d3:68f1:63ce:f13f:a6fb:bbcf:4a25:204b,295
GR,3E-5D-4E-09-87-3D,5c7c:645:56b4:d418:fc9f:bab7:4806:d089,410
ID,AA-AA-AD-63-96-DE,56e9:b477:cf00:5c31:143f:4bb7:d73b:2af4,571
SE,34-F6-D7-00-88-F1,e4d1:178f:eb67:bb7a:8763:2f26:5ab5:e229,971
PH,4F-6E-96-11-F2-64,7109:b78c:7edd:94c6:4583:8e84:24b6:6768,295
CN,FB-6B-38-56-80-CB,c10c:5daa:4f08:4c4:ddf:40f8:d99:ac6a,606
NL,CA-53-A7-3C-93-F6,302e:4104:befa:ce1f:dbe:d44e:3eac:857c,388
VN,97-F7-8C-1A-DF-31,50ac:d52:7b56:5760:4452:5eb:7cee:72b4,781
BI,43-5D-BE-E6-F8-F5,5f60:9b5c:3234:24ae:ab2c:ce15:b1f:4740,535
PE,74-06-78-19-61-CA,186b:1513:474c:7299:256a:b7f8:d5a9:3cd6,581
CN,C7-06-89-C7-35-8D,abc1:5fa6:3514:bcc4:72f0:4665:5bf0:3f1c,768
ID,12-24-2B-FF-8F-CA,ec46:4448:e737:1286:9c4f:aa40:791a:90ef,395
ID,E6-50-D7-12-41-0B,3626:3546:4d41:ef34:d60f:ecdc:427c:33ce,591
UY,1F-F3-EE-CC-7A-21,9adc:9c43:7cbb:3b28:3593:988e:6319:36fd,594
FR,C1-2B-4D-5F-6E-B4,c8a:306f:a1c4:1dcb:9f4b:9a66:8ebb:c371,507
ID,80-6F-79-B3-4D-84,3de3:226b:93dc:d16c:afa7:ceb0:e463:8c59,679
PL,E7-A5-C4-B7-2A-9B,552:d8f5:4238:f368:235e:1365:ff63:2e0,978
CN,50-8F-EE-6D-CA-BD,fe0a:7288:132b:d84b:8186:8bbf:611f:14f1,994
IL,28-02-A8-3E-94-2A,24ed:7de:dcae:3ff:78d1:4e3b:f9d8:74f5,496
PE,40-66-07-86-5C-3A,ddfa:9763:8a7f:9c4f:da18:2ddc:589b:1b3a,7
FR,03-7A-BE-54-1B-5D,dd59:e32e:85b4:a1c7:a1da:6968:f8df:ee83,253
UY,42-95-D5-94-59-72,9a45:d4f6:d150:ee26:dd39:7336:f56e:bfaf,341
RS,07-F3-9E-61-C3-7B,be3b:db76:cb09:be2f:ba4b:e97d:30d0:a2b9,795
VE,85-A8-11-C3-D0-CC,aa32:cfc6:1693:604d:7b00:9dec:e340:d17c,768
PH,2A-BE-4E-2C-98-47,c5f8:72a3:942a:d2bd:469a:d511:545d:eb6b,715
ID,3D-C7-6C-A6-5C-C1,e110:ef5:5aad:2515:96dd:f32d:4f37:159e,96
PH,5D-53-2A-68-53-5F,8dea:2a78:b0a9:e13c:3c01:5065:c20d:cd9,910
BR,9F-1A-F8-6F-F5-AE,c2a3:bf3a:6133:7a2f:8c77:bab1:17fc:328b,300
RU,B0-B4-01-BA-CF-F7,11ed:4998:832f:e05c:2e48:7e0a:2c46:390d,732
PE,44-9D-9C-7F-2F-54,68a9:3590:c4fb:3427:a431:73e4:4c7b:53bc,151
ET,EE-E9-EF-4B-C3-6C,b71d:7e7c:3aa1:3f76:f091:16c1:ca8c:aba9,806
FR,60-68-69-66-C2-3E,c85f:3fbb:5c63:5977:22bb:9b4c:6d2a:ab4,35
AR,19-00-8C-8D-01-A6,ac12:cf6:6816:e054:46aa:abec:c47e:c3da,275
US,DF-70-A6-FE-E8-01,1acb:4eac:4af:3a0d:55d4:c0f:5c85:218e,142
FR,D9-53-32-2D-C6-3E,4325:6b62:6ab8:13c4:5c47:40c9:ae62:e6af,971
RU,7F-38-06-7F-A9-D6,ac70:1c6c:20e:82ae:ca53:2cb5:a7a9:292b,326
AF,C0-A6-93-EF-1B-C8,32ec:2319:2b19:f975:83e1:80f9:18f4:e92,940
ID,FE-F3-9F-F7-05-7D,c406:650:3ad9:963d:3b80:f507:24:2cf7,949
CN,63-A9-60-28-99-C2,eaa2:ae7d:75ee:7858:7dd:a25f:c382:3499,38
KM,8A-F3-B3-F8-EE-85,1f49:dd0c:18b3:bbd6:89f9:eaf9:9a7c:6589,658
PG,7A-69-B3-41-57-8B,72b6:fdfd:58ac:a1b5:89c0:9c9d:3e47:a8d7,462
GR,1F-C4-2D-DE-70-E6,e38f:3a21:6c33:dcc1:1fef:e638:2da2:f876,462
ID,66-21-9C-9D-E1-D1,d3e6:e1b9:559c:d8a2:432:82cb:4da:f766,648
ID,00-AA-79-B0-4A-EB,9880:222b:cb06:21b5:64e7:6414:53d:7abb,284
NL,7A-35-5B-6B-6C-FF,10bf:53b1:c153:f8ff:c412:e340:485c:3314,511
FR,7C-36-58-25-CB-98,574a:5e4:c993:4bbc:27b5:6d46:f081:7ecd,25
UA,8E-83-BF-CD-CE-7D,e4f:3ba4:4e28:182a:9bfd:7992:d29f:9c74,405
NZ,DD-32-F1-FB-58-65,e0c1:9635:cb30:85d4:4b9f:f491:680e:8a9d,71
ES,63-59-F7-CE-CC-49,1e73:beae:2603:f945:f712:35c:31e:341d,53
JP,F1-89-C6-2C-31-FE,2b23:2985:a74:271e:f0b4:5286:1190:d889,222
CN,8B-76-5F-A2-F8-EC,e0c1:78a3:3f9f:b64:c230:9059:fe41:8f2f,668
GR,65-EA-0E-63-BD-80,66d0:da0f:1c85:6669:573c:6693:ef07:47ef,521
SI,43-FC-69-E2-34-A8,e920:5580:3b39:cf8c:8ffb:24bc:4615:87e9,427
PK,E2-DB-B5-3D-1C-D0,da3b:b3a6:e8c8:798:d7a9:1c15:12dc:6631,100
PT,C1-E9-7A-30-4A-C2,f43b:2dba:3998:929:32c1:eede:f7d2:3e89,68
PH,1A-1D-95-7B-92-1E,58e8:a4c0:aed5:99d7:fd97:3768:1341:dc8e,686
PH,F8-61-5F-CD-76-42,9cf4:864c:d6c7:f4d8:20b0:6dba:83ca:cb7e,493
SE,38-2C-9D-53-F5-B2,399f:fa8f:8b7e:170:712d:4727:1b10:928f,778
UA,2A-03-51-8F-EC-E3,e160:fbef:ea5d:3219:5159:c183:1225:8b3f,786
CN,E7-4F-D6-9D-0D-51,abd2:dea5:27cc:7de3:6719:e469:3a65:f7da,266
RU,DB-46-8F-87-55-E9,8588:828:4a12:4676:fca6:6c49:1673:633e,600
NP,E1-CC-94-46-69-3F,2976:ff61:dea:26af:48d2:21fa:bd69:e4c0,707
PH,CD-BB-42-7F-12-71,d287:5c88:32bd:7137:7086:5de6:91d2:624b,472
ID,9B-FA-80-0C-D2-F1,4e25:14b5:14d0:c143:dd23:25be:6824:3e77,278
EC,68-B6-9A-CC-45-CF,c633:1f3c:d5f7:2a4a:c705:d125:8015:2ccd,949
PL,F1-35-52-FD-22-F2,5fc4:4ecf:660e:a2db:56fb:e958:b8ac:eccd,344
CN,16-82-0D-E8-E7-88,63b4:d78d:68a1:5bd2:7ca7:d9d7:2ceb:8941,494
PT,E2-26-AA-27-DF-A6,85d0:4525:2b19:29a3:4e83:4096:1091:4402,651
BR,15-1C-D8-27-2A-D7,7469:2886:b629:e587:d9ee:7f3e:c92c:3d94,819
PH,97-34-0A-C4-50-8B,9751:4e99:a97f:59a2:756f:b949:624e:5deb,917
TH,6D-27-46-FE-EB-97,1bd5:c949:caf6:2ccc:8ab1:5dd2:fad9:458e,637
LU,05-07-4A-A3-3A-84,4470:948c:fa35:a890:abd0:1d21:4dc2:55f1,302
IT,63-8A-36-42-1E-A7,d569:d8a1:2c68:e1e2:46ee:da59:634b:31f8,377
FR,25-A2-6E-37-5F-AC,fe20:bb69:8b4d:ff2a:968e:cf90:fcc8:9c23,952
CO,68-40-F8-62-5C-30,3658:bbff:397b:ee21:399a:a43d:d51a:bc6a,476
ID,79-EB-30-A1-3E-88,3813:4cbd:2d5a:d2d8:10ff:3c24:bf1f:e2a4,656
RU,3B-98-B1-30-0B-66,7762:65c9:1535:436b:ae85:24ee:acd:154,162
RU,63-CD-75-2F-A6-B7,e386:a97a:f19:a0a5:ce54:391:768b:563a,262
UA,49-92-1B-DB-C2-1F,9c69:3d9:97a0:f99e:c5ae:f688:ce90:677c,172
CA,36-F0-C4-CF-91-5D,53bf:a209:5a27:b719:b165:1344:1389:7d4d,193
BG,66-CB-59-C5-7F-F2,87e8:8c96:4730:1fe7:7093:a250:1956:a4ed,100
ID,AA-E7-B1-1D-E2-67,c6f8:dd98:844c:31a5:a620:dd0e:eee7:8af,883
GB,08-8A-93-D7-32-3A,cf25:e7dc:510f:17b8:7ae4:5413:dce:316a,52
CN,0C-9B-1B-07-1E-F8,3cc5:eea6:6def:d0d2:2fea:df06:b7f9:61d0,939
MD,46-86-DF-0F-AB-83,cb56:6e26:f200:1d14:313b:1cc2:e4e0:a6d0,400
CV,67-0D-C4-EF-D4-23,ea4f:d384:7440:7873:cff4:25b5:e6e5:8afc,783
RU,5F-95-74-52-7C-FD,dd14:9dd6:61f3:e5ba:eda1:feb4:7d30:dad6,361
CN,96-37-36-56-18-AA,cdc4:8949:9bf5:98d7:3cdf:56c4:c071:d73d,245
ID,1C-06-78-25-F1-D3,1f97:74a:2903:4d78:82b0:75da:83cf:afd5,111
NL,F5-C8-52-88-1A-D0,4b40:7870:1da9:97c:4332:7f96:4fb:d6cb,710
PH,72-FF-0B-55-7E-DE,5e59:83d:fcdc:6ebe:40c5:3740:a4e1:2786,588
US,1C-14-5B-B6-1A-E7,c694:7e03:e895:7b85:ad54:2663:9d2e:f466,169
MX,E3-C9-4C-D7-A3-4C,4443:6d13:a6f4:43d7:fdf4:a80a:6ebc:c2a6,266
JP,B0-E8-FD-98-31-54,18e2:42e9:a83f:d25c:dc37:5f59:8ff6:32d,855
DO,BF-0A-B2-AB-84-68,3ac0:6ca7:e87e:20da:e399:f512:a99c:5938,929
RU,8C-B7-CD-F9-56-4F,8507:2689:e83:4d8a:24e5:cb8f:3326:6b84,498
US,46-3F-CE-D6-EC-B7,a413:33ab:2bd4:86e8:df7b:5ef:d46c:8135,554
BR,8C-10-51-76-01-65,f4dc:a065:ff2e:b97f:9acb:d7a0:a96e:7530,867
BA,7B-C5-85-2D-39-E5,bb36:c51f:d905:cd46:b2f9:dfa2:1c52:f56e,355
CN,58-D8-93-0C-1E-38,45b3:d7b9:4b26:bde6:73ac:af53:8b47:1d8b,792
CN,4A-DB-83-C9-6D-67,76bb:d580:3a02:f235:bc79:deba:ad75:17d7,439
CN,B4-19-B1-4A-AC-84,d812:ceb2:d7fe:a87b:786e:bb2c:874d:f436,332
MX,2E-1B-32-DF-9F-3D,91bf:d6c7:45ba:2873:4064:dd03:647d:97da,397
ID,6A-B2-94-A1-BC-75,b798:9e56:d9a4:6fea:356e:ef9c:f848:c7c6,730
CN,2A-DA-17-4C-5C-CD,39a1:474c:b4ad:2e12:5aaf:3d20:1b68:d0b7,628
FR,1D-4C-2D-B4-56-EB,e7e8:10ae:4fe4:39ad:2118:d577:f29c:23d9,270
NO,B2-D3-F1-02-BC-7D,b12a:b5c9:92d0:80da:a44e:c757:9b35:a460,394
CO,78-0E-0F-63-07-11,95f4:517e:365a:46c9:e1ce:99c9:f19c:8888,354
AM,E3-DA-57-DC-7B-48,6023:fef1:701e:3d00:aceb:66a8:19a4:a28c,916
UY,7B-53-58-39-58-DE,13d1:53a:4ef8:b95f:ce14:5ced:dce1:bd3d,52
AR,B7-C4-B8-B4-C7-49,dad5:17a0:8780:2c53:3325:fd72:b69e:ae68,851
HR,46-F5-C2-84-6A-43,3665:d84b:67df:19e3:a538:ab1c:ec09:15f7,530
CN,B1-DA-35-35-4F-D4,2fb8:9525:b3e4:4031:80b:13ed:1830:cfbc,89
EG,72-2A-9E-2B-A0-2E,959b:7443:b150:2423:22dc:c8df:7858:e1e6,987
BR,F0-93-26-CE-72-6A,82b4:68c6:3793:a9b6:d5d4:12f:5bec:e2f1,515
TH,18-21-22-3B-46-5B,9e72:222a:9566:88b3:e4e7:49e8:727:c3c8,840
US,B8-05-21-F3-8D-7A,e9ee:c435:8d4c:e235:6b7:b22a:f1a1:5ddb,961
CN,C1-86-C0-77-60-2D,d160:8748:7188:6685:5db6:d309:de69:f9b3,691
GT,A7-21-0F-C0-FC-D8,3226:4792:8c55:e18a:c7c5:f7e5:e3e7:ab0c,54
GE,C3-FD-73-C9-50-2B,e1aa:9e9d:a669:578a:96e1:ea43:c20e:8375,178
AL,CC-BE-D1-A9-36-AA,c22:d63:951e:19c1:4b99:2332:cf31:2f7c,953
AF,4F-78-85-2A-B6-BF,92f6:e6dd:f9a0:2ae6:ba34:b850:f710:7c69,657
PT,1E-78-B8-80-84-1A,6c4f:b217:e402:8ebe:be42:31c5:6aa8:3c3f,252
PH,B5-3C-0D-A1-76-53,2ef4:7bd9:19a8:69e7:a735:6f6a:d872:4451,681
ID,63-51-63-4C-CB-63,dec4:f0ab:bb16:d7e:30e:e383:984b:787a,984
US,E7-9E-E1-00-C5-E7,37bd:a3bb:77ca:5cf3:7873:12ba:6965:76b8,683
BD,83-4B-B6-B1-D3-28,ac3a:10aa:bf03:e77e:f8be:d229:f120:db49,880
PH,7B-8B-25-F1-40-41,fff:a513:9377:378d:5a5d:50d9:61c9:ea05,237
ID,E4-72-19-7D-F8-2F,782a:d480:626d:5071:f906:efa6:14dd:add1,203
FR,F6-6C-55-18-EF-08,ef4d:ce5f:1e2d:6213:3283:a50d:1a80:3496,342
UA,A8-1E-74-EA-FB-76,c251:600e:d78b:62e1:275b:d934:fe89:72e1,275
SE,D3-83-39-AF-57-09,41c:952e:9b14:39f7:d33e:df84:676c:cae3,830
RU,4B-28-2F-6B-CD-38,982f:fd60:2c9:c4df:2e69:13eb:b7c1:53e0,497
FR,EA-36-89-6F-DB-38,1bc0:9295:1245:91c0:c44e:3c90:dfac:5d39,785
ID,41-BD-D6-EE-C0-73,9f72:de05:c541:fa81:c46b:e847:cfb7:aa20,980
PL,D1-F2-16-ED-74-85,28e8:dcfe:cd1e:2f3e:a738:139d:39eb:16cb,973
US,DF-6F-F1-60-78-14,cf81:f28a:305c:c2bf:3a5:d13a:e08f:d94d,417
SE,D3-84-5C-AB-E7-71,3c23:6843:207c:9249:a51a:96f8:c68c:d085,781
ID,D5-34-EC-D8-74-1A,6471:5bcd:4437:821c:18aa:33e3:b412:b4ff,926
PL,5D-96-6A-0A-76-D7,53d2:af6a:ea0c:b53b:6e78:c8e7:81a2:f348,725
AO,BB-CA-08-24-41-A0,4cd6:245c:e0b:caa2:6373:3765:baac:75f1,737
ID,17-0B-C3-B9-1A-40,aef9:f0a9:bfd6:8c99:5442:7c2e:2bf4:7aac,138
RU,34-EC-7B-17-45-C2,4dc0:808c:c13b:82d2:7902:3e9b:649d:b02f,287
PL,B3-B2-7B-9A-B9-4C,bac5:cd02:55b9:23b0:db89:dabf:96:495b,727
SE,B6-B4-9B-0B-87-F5,b021:8564:db3f:5fd8:20e7:af13:8dbf:836,420
RU,FD-96-33-BF-E4-F6,63a:5a9d:1f96:b80b:8f1a:247f:9ddd:c3ee,255
PH,32-56-27-65-8B-13,70c6:f497:3be0:3ee5:191a:c30c:a354:f060,892
BR,BD-CC-40-6F-13-3F,ec83:fa41:7a81:8d85:1c92:56d0:1a35:cf89,160
PL,48-7E-58-3A-A9-FF,868f:403d:4864:2326:7186:c714:3285:38aa,635
PH,B7-97-30-85-E9-93,6f31:290d:3cac:abb0:39a8:480b:e18c:ceaf,263
US,BA-FE-2E-5C-36-9D,cd75:bb8:d0b7:f8da:6be1:eb20:d8a1:ff43,70
ID,CA-57-9B-F3-A6-B7,4ff3:647:70e7:52e7:40ad:ab9f:2f07:a763,506
CA,7B-49-6F-AF-C0-63,2c7a:f3f3:41e4:9180:e370:4896:b1f7:ebe6,731
CN,E0-81-FC-8B-61-EE,d721:b261:4ecf:96ff:5272:1129:babc:1022,406
AL,B3-35-31-11-63-D3,be2c:9339:6645:a360:3bc6:a860:d1d8:2302,621
CZ,2A-37-CF-47-13-3D,f06f:cd5:71ef:8bbe:54dd:989e:7004:668c,917
US,F3-22-7E-EB-B2-32,9694:44df:e10f:70f4:96f4:6f4b:94c4:f330,671
NI,60-CE-1C-8B-D6-F8,64f4:3c0c:9a0d:386c:9f0a:7ab5:8bf9:da2,465
US,A1-55-49-75-E1-4C,a912:7132:82e1:5b85:11d4:2272:8d5c:6317,450
CN,17-0C-6A-02-3F-CB,4a85:ecd3:1c63:da9e:9ff2:c795:e8f8:5d70,20
SN,C2-8D-E4-AC-D2-57,6fb:8f4c:6c30:da3:96a9:c409:3ab8:32ca,1
DO,08-78-06-7A-EA-B5,4295:3325:f965:414f:1ba2:d00:805c:1812,689
CN,1B-6D-BA-DB-BA-66,f23:205c:fffb:2356:c1a3:9efa:d474:8c03,976
UA,B6-CD-6D-12-26-C9,79de:96bf:33ef:ab1b:62ed:5057:3a15:7d19,889
PH,15-0F-77-4D-16-0D,94f1:da16:1137:8372:9393:ba52:d500:b9e4,18
CN,AE-54-7D-0A-A5-35,bc34:548c:94b3:73a4:82b0:be4b:947b:f549,191
FR,68-DB-F9-CA-73-D4,7691:8741:ffe3:ec6c:8db:1878:467a:bd8f,531
CN,55-7A-47-B8-AE-40,a82:71de:2617:f589:6efa:fd6c:dcff:f5e4,132
RU,47-9A-C1-5C-45-65,c698:31af:e397:f09c:72f4:ada3:6840:302a,152
TH,3D-01-3C-0D-DB-66,ff31:e064:b1a2:bc52:6995:a0e4:dbd4:a3d2,33
CO,B3-9F-01-80-AD-6B,7ca9:a50d:bd22:60aa:fae8:9ee9:ba6f:10c0,349
TN,47-98-52-A9-3F-3A,2cd2:577:a94:2247:8eb9:6d24:a3be:2db1,172
US,83-90-8D-29-73-A4,4d00:e96:47e6:d373:5088:defa:62ea:b4b3,24
SE,A9-7C-16-5B-D8-D1,1157:8f2b:5bd0:8e08:8ff1:246:e05a:a3b,220
RU,9C-85-60-37-5D-24,c047:6369:1b34:6a5:fa01:b287:d8be:2b10,763
PH,19-16-FF-E5-E0-BD,7cf:986a:4d3d:b040:130e:11b0:1365:cefa,3
ID,3A-A9-D3-7D-8F-A2,be37:9899:943e:fe86:dc2:d209:8b12:641d,882
SE,31-AE-41-A4-EB-58,7458:2a15:3870:9050:80a4:4cb5:aa7f:4a93,960
ID,A2-08-24-88-A4-C1,8329:e741:267a:d487:168:3683:fa3f:c04d,461
CD,7F-D6-16-AC-18-C1,2a8c:fe87:8949:783:dde3:ac4f:218d:8109,231
CO,53-22-1F-97-2A-36,3580:d1f:5b9a:8455:7cde:2455:e85c:106f,188
UA,CB-D1-D3-D8-E2-FA,5a7d:ed7d:cfc1:e332:c696:d44e:d266:8aaf,307
CO,FA-3D-72-08-63-FC,2417:38b8:7594:ce15:9c83:2655:1923:508b,513
UA,88-0A-EC-4C-F3-01,8e6b:35cc:f3c9:c1fc:6788:c9a8:4de1:1ecb,450
AM,B1-97-C5-24-11-04,326c:e98a:eefd:c71:6a71:5538:b6:4f27,266
AR,62-F2-C3-09-65-23,e63:ab2:49e9:b2f4:6fc:5b58:78ce:89e5,37
TZ,B7-D9-55-06-7B-78,5d4c:9ad8:cc2e:5207:fa0e:45bc:ebc8:d0ee,506
IL,97-E6-E1-E9-FE-3C,9864:4d00:329c:fe8b:2d17:3412:41a9:dd48,203
FR,16-7D-CB-15-63-5E,b461:a0de:ad99:33fc:4e3a:da16:ebbb:aa2,573
CN,16-3E-D0-80-45-4A,8279:e39b:759b:57bd:a1e:58b5:f8be:3e33,820
PH,87-B9-09-B3-D2-80,fa4:2427:6f95:6a8c:20d2:8bd8:d8fe:a08a,597
UA,24-AE-60-AB-C9-9D,b41a:52d3:a479:4f63:736:7a9a:bf6:e1d3,354
TH,76-69-27-3D-0D-A5,6adc:acd5:8b73:e11d:2dca:dd29:173b:361b,209
MN,E5-52-25-0A-74-D9,1044:f79e:f35c:ecd7:7639:195:6a33:f05c,668
UA,F1-77-64-DD-1D-41,9235:4f5e:2b03:97ef:db75:b634:b6ee:a3f1,760
BA,8A-C6-6A-EE-D1-79,eeea:79a0:ea66:e095:5250:41df:9e77:595d,794
PH,23-8D-2C-1C-46-60,a349:5ed4:e0a5:52e:8435:a58d:c784:68ff,564
CO,B9-B7-FB-3C-76-04,3eaf:4e29:dcb9:34ed:9ceb:1b3:958e:5d20,605
CN,52-51-9E-83-8F-20,76a3:33b3:3dbc:2d74:a917:5919:c066:5f36,881
CO,96-B8-AA-4E-96-29,84f:6584:79ba:b91b:cce3:efce:397f:24ac,750
PL,04-05-60-2C-FE-87,4dc7:6a36:ad4e:e43f:fa5d:5a39:a94c:9c28,993
ID,6E-20-18-F3-23-00,7f8a:5869:bc2f:e752:ba14:a3a9:5ba2:c707,443
CA,83-B3-BC-94-28-17,4c86:3d7f:2c17:299c:749c:46c1:2da:4739,634
ID,66-CE-4B-C8-78-18,3420:604d:a234:1009:b644:51fa:ca58:1266,33
CN,E1-37-97-83-17-34,eb41:1f5e:240c:24a2:d25e:1bbf:68e0:5c3c,781
SE,C3-8C-9D-02-2D-06,a1fc:afd7:31ee:aad0:ffd6:8699:1f5:2f56,55
TZ,E0-F8-82-44-8E-0F,2c47:1018:dc63:54cc:66f7:7fff:62c8:92d4,330
CN,BD-F1-64-55-51-6B,aeb5:8b0:efe2:3e40:b8fd:b26d:fe:9c92,562
GR,2A-18-59-77-36-9A,e1e5:e298:f212:2797:228c:48d3:a419:7902,975
US,98-2C-9E-C4-D3-C6,c3aa:e4d2:da1d:f0af:ef87:5776:b828:330,846
CO,5C-19-5D-3F-0A-45,1671:be1a:31a7:9530:2e7f:4980:16e3:b2a0,520
ZA,97-22-F6-D7-7E-84,9784:e102:dbaf:e63d:5894:8c6e:df01:1905,152
CN,45-9E-9E-6C-05-7E,e557:b022:9c0:603b:8559:fd95:21a4:199b,689
RU,D9-51-61-49-03-43,d009:2312:36d8:9a40:54:9fd4:c369:9660,490
CN,DB-0C-8B-D3-18-3E,9790:e0ca:c9db:c511:2456:5900:9ff:af49,684
DE,51-A2-7C-6F-EC-24,37d:7b3b:9dd7:2e06:2592:928:b1c3:960,707
FR,F7-1C-4C-A9-DE-57,9281:3200:14e9:836b:a286:6389:485:683d,620
CO,78-B5-EA-BA-91-53,2dd6:169f:ba69:eec8:abfe:f8c3:2e2b:d339,81
FR,9B-4F-D0-55-7A-B8,b6a0:ec05:f637:b288:d89b:e478:36d0:d475,952
PT,91-45-48-82-85-5E,eb6c:5572:8edf:fc44:f237:f86:28d1:4e25,935
MW,E2-7B-FC-DC-27-79,58a:a31b:8310:cc9c:72ee:e115:5b10:bb2d,121
ID,E5-FE-4B-CE-55-3E,e75c:5c43:4756:47aa:64d1:a659:e51c:6af0,628
EC,CA-27-FF-8C-7E-6C,1555:2bab:9391:74fa:b8e8:6d01:20d3:6b88,364
PL,5E-B1-83-FD-36-6E,29bc:7533:3e71:2992:10e7:e808:a793:246e,67
UA,6E-6D-E5-A4-99-F6,a9b2:e191:6e0e:9d0a:7f11:16a6:ca2d:98bb,863
FR,25-BB-34-22-29-66,4d53:2221:a539:9e34:b54a:7b62:406:18f0,198
CA,A0-D8-AD-4F-71-9F,7482:843c:3047:c97c:8c7c:c3c6:1b40:7c7e,765
PT,39-C4-75-98-4D-20,77fe:f99b:7cd:4b9a:49d4:64ab:6fdf:88f0,317
AM,D0-26-E8-3E-AF-BA,30d8:f9ec:4da6:672e:861a:3502:33a7:4faf,538
CN,78-89-D9-4A-2C-23,ccfa:635c:15c5:31ff:a652:2fad:a0e0:5a90,292
AL,1C-87-D6-63-59-AC,87a6:d0d8:8f47:b728:84aa:cec1:7cc8:969c,645
ID,C7-31-84-0A-70-0D,afac:b686:8e61:ded0:19c3:9f7b:87e5:1f9b,987
CN,25-74-48-AA-68-B9,409e:929f:8341:a81a:f1e4:4acd:d1c6:9dee,954
ID,70-21-0A-19-49-F5,6c35:9bbd:df11:e52b:ff0:56f1:152f:2b16,795
BA,E6-DA-17-69-02-0A,a4e0:b902:1371:f89:c60c:aa3b:894:2639,643
NG,64-DE-1E-15-A6-53,2cce:ab22:e7d6:32e1:e38a:bccc:8f74:64c0,677
TH,A1-1A-B7-E4-68-D7,3c7f:5023:d6fa:c0c4:3847:5716:fc72:8be5,270
RU,1D-6A-F0-83-EB-32,fd0c:a934:a3df:a6aa:7cf5:9a58:f55e:d9ed,334
CN,95-8E-D2-38-45-44,8b5:2548:f285:564f:ea1c:4363:e4f1:8dc7,363
CN,9A-31-AF-52-2A-A6,df76:e9de:4782:b770:3c68:37f8:f90:1707,390
CN,9A-3D-79-F1-5E-D1,eb2b:2c09:60b:e0c1:b7c9:b42:3f78:2a7c,49
RS,66-21-53-FF-DC-D3,b439:9b29:fb92:3f85:695f:6ff6:56c0:f3fa,667
AR,E3-1B-A0-B6-55-A3,185b:b1e:3d09:9618:7d4b:a19b:dcfa:f38b,630
ID,E9-FD-D4-A0-16-B8,bac7:930b:7bf9:e101:b9a3:55d9:ad79:aa7b,779
PH,99-4C-41-A9-6D-08,7a95:6502:a50c:e1d9:c977:eaf2:97d1:e282,711
ID,89-60-CF-4A-7C-53,35b8:b825:d6d0:2072:b6b5:86ec:d90a:823f,846
AR,30-D8-60-54-C3-BD,6776:d650:da77:91fa:f632:42f0:2d77:d4a5,923
FI,C4-F1-10-6E-75-5F,15d5:d04e:891e:d130:9fae:1dee:1a51:50a2,558
PL,8E-1C-C1-2F-BC-BE,9088:2bae:810c:f38e:3b72:cdc3:7dd1:8682,554
ID,8E-32-07-C1-82-FB,5745:bb1a:786f:3c2a:fdcb:9193:90aa:f2ee,714
BR,08-54-48-08-35-25,70a7:a453:bc11:2287:acc0:32c2:c316:b455,52
CN,6B-C8-C8-BB-55-EB,6537:f99f:8c75:b0a4:4588:c524:d8a2:648c,978
ID,10-C5-FF-D3-84-44,1d3b:9e0:2743:41b7:1fb0:e6ff:cf73:4bcc,44
ID,C8-A2-2A-1E-90-1A,b04a:9e9b:f340:716f:e98b:a981:efa5:11a,743
VN,80-5B-3E-1D-D7-E2,fdfc:1db8:42b:79e:a687:9398:93e9:26a7,643
CM,9C-7E-F1-A2-9E-C9,be2b:638c:2d6e:c154:901a:955f:911e:9374,231
CN,A2-1C-B1-DD-82-DE,b25e:19a:420a:6f96:b99b:611e:f1b:6843,700
PH,2C-BF-7F-81-5A-8D,d27b:d750:1543:88c8:9c24:cd2a:6b04:9af,766
KR,47-BA-D5-10-90-5C,d2d3:199b:7b21:c4de:94a7:8847:65d6:566d,210
ID,E7-E7-E8-C8-A6-F4,3a0c:e03d:8de4:f9ff:cf86:c212:4f80:952d,35
CI,B8-33-C7-42-A0-D3,d40e:f8ea:73f8:d348:59d:b1d2:942:4b2f,688
BB,5C-CE-01-97-61-5E,a802:90a6:640e:2618:f061:5a56:3b20:8ea5,523
CN,18-67-25-AE-A9-3D,ffcf:e7f3:3810:d80c:bda9:f517:64e3:455a,432
BD,8B-ED-93-36-CC-FD,29f6:49d2:9eab:5342:b5ea:649:50b6:57c0,654
BR,6F-48-31-9B-16-96,3d86:e7ed:7c92:1a69:835f:8264:dc65:be2e,345
CN,01-B1-F1-A5-36-F9,319b:18c5:2231:ef74:2519:56fe:352c:e71e,150
RU,06-37-D2-5B-CC-9A,c465:461a:bc02:f876:e81d:6166:5ff7:a339,187
RU,26-EB-B9-5A-3A-8B,8631:dcc6:913:19c1:25d8:29d3:d078:6887,934
PH,DC-55-F6-33-D4-00,8e58:87fd:7d77:1545:8ec5:1b1c:28e:b01,29
CN,7F-72-D8-48-EB-2A,d4f8:3e18:2724:bd8c:f594:f4a6:3b51:bddb,795
JP,64-BF-12-08-FA-53,67e7:2f8a:ccc0:b5e7:58a5:e67b:b699:7bd0,985
CN,E8-00-2C-1E-88-0D,43b9:ee58:2308:cceb:86c3:dbc:7e8a:866a,299
RU,9D-9F-E2-E0-87-DE,f161:457a:fe1a:2830:a8d9:6536:27d6:d2d,801
TH,42-8B-1F-8F-80-5C,b438:58e6:e8fc:cca8:6f5c:a3f5:d299:e6d,179
PH,24-6F-BA-75-65-DB,a385:14f1:97c6:63f1:1ebc:607b:d4cd:9884,947
AR,B4-DC-CA-A0-B3-A5,e2b3:3209:7c82:752:2d3e:9dd0:5692:8b08,97
MN,4B-42-8A-0F-24-0F,1e3:92a4:bb8:d4e3:61b:de30:82e4:bf0a,316
CZ,0C-70-DE-DC-E9-CC,ea37:4242:ed8e:8b87:909d:e4e7:f10b:27cf,889
BR,C9-90-E1-07-FE-0E,a722:7f43:928b:8983:a398:6d85:9b62:d765,24
PH,55-18-34-6A-19-17,9259:18d5:e3:38ab:8fda:fa97:1053:2f69,385
CN,3A-92-95-C5-E8-FE,63f6:4aae:bb1:32b9:3942:d1a0:6bb1:fbf9,41
ZM,62-38-28-78-4F-60,9070:898b:bbf3:9635:143c:e3ec:d933:3fb9,83
GR,BD-CD-86-2C-8D-A3,2b3a:cfa4:4a2f:c84:9ce7:b5a4:c205:fccc,600
PH,A4-EF-8A-C8-E2-D0,a4d0:528f:bc63:864b:947d:d86f:7f1f:9a63,195
ID,26-2B-83-E8-97-57,c279:67d9:e166:9b18:dbbe:a4e4:64c5:73eb,24
PT,F1-DA-CD-FE-11-53,bcb0:1da0:e799:2571:a27:bee8:fe5d:a6fa,236
SA,C3-E4-F3-74-88-45,9925:d502:efb1:99be:95b3:95b8:74f:eb4b,40
CN,58-2C-AE-DC-B9-A0,8515:5c71:fc4:326d:e0bb:7333:4133:23e6,401
CN,FE-2F-F2-DB-17-19,b5e0:944c:98c5:fd75:afcf:29c3:d405:26a0,729
BY,02-DA-A9-F9-55-AE,7e6d:d0b3:4ee6:3f3d:2dda:9703:db76:db7d,435
RU,EB-19-77-3B-60-8A,b224:4032:503b:9cd0:998e:72fb:cd6c:c153,116
GH,4A-A5-B6-BB-8B-A1,d7b4:96c:6f81:e35f:2595:5d34:4a6:b6f8,593
PH,B7-D8-AC-DE-19-AF,7066:d442:9321:e1a2:adb0:22e1:472a:f8a6,685
MX,01-37-D1-5E-F6-71,6832:2c63:df:fb5f:e6e4:9c16:dc01:5397,927
TZ,F0-1F-6F-83-17-30,f8bd:3fe5:cbd1:7a9c:2561:9372:c97c:3bb4,533
PL,C7-31-68-8B-26-FE,3708:3827:8226:d74f:c7cf:f30a:3b28:b7b8,666
ID,92-D6-E6-79-33-9F,d2c8:11eb:6ee2:e021:cd6b:e61f:1360:49d3,485
ID,A7-68-BA-33-98-CF,b979:762f:7685:ad8:44c:33b5:3c17:1986,747
ID,07-B9-FA-FF-F6-03,d8fc:93e1:c05d:df1c:30de:f352:309:5019,548
PL,CC-A5-72-85-15-03,ff39:d522:747:bbf1:c2de:b157:53f9:1c59,535
CN,F2-48-C8-5B-C2-5A,37e5:1919:1b43:17df:73e9:58dc:5587:aba8,7
ID,CA-24-2C-F8-DC-3D,b934:97a6:4c1:cccb:3619:119c:c22d:38a,130
PS,E3-D4-D9-38-DE-F9,6c97:8e65:d454:6ade:d596:dad6:fae:3fb3,169
CU,05-A9-64-16-CA-71,701c:ced4:7613:401f:568a:9a30:e859:bcf4,675
ID,48-C6-E6-2A-F6-A9,42c1:1eb:71ab:f1ff:8890:2404:27f7:fd41,273
CN,3E-60-B7-0E-B0-8A,1433:8e34:5f76:ae12:946d:75f1:92cb:a330,884
ID,2A-F6-DA-5C-C9-10,31d9:59a2:102a:1a06:9f25:5c0f:3834:40e6,167
LU,FC-A7-E0-7F-97-B4,e6bc:637f:58ca:6986:3f97:b777:5f5a:b4aa,336
CN,56-74-07-F6-06-45,bdfc:aeca:6e50:1122:5848:d29:bb4:d932,39
ID,29-45-E9-0B-A0-61,44e7:342b:3d7:7d7a:3c83:d0fb:401d:d997,159
CN,3A-66-2F-0B-E5-08,2e00:129d:e37c:9833:acde:3c2a:564b:cded,721
KR,DC-F3-06-06-96-34,4a31:e2a:f68:dbe0:95b1:b756:cf64:ba9b,565
BR,C7-93-79-1D-F8-B2,6238:8ecd:fa5f:47eb:3af8:34c:752c:b2ef,501
CN,E6-79-E2-B2-00-C8,e6f4:b269:6b11:7e64:3076:386d:568f:1ee2,991
CN,B2-41-A4-29-88-9F,a45b:92e5:593d:3fce:6807:afa1:f1b5:1615,697
CN,03-8E-28-87-CB-5E,5eef:eba0:91b3:35f0:ed24:8f78:f145:b6dd,225
RU,9C-67-A5-AC-90-B5,552c:d625:59e2:1f9d:f613:bc66:505e:92fe,322
SE,9F-75-42-A4-CF-5A,9bb8:af7b:7aec:10da:7f2c:5bf6:1827:ece5,283
TH,1E-FC-72-2C-CF-F7,445c:6f8d:974e:a048:4988:5842:85b6:99bb,514
PH,8E-13-30-39-D0-68,7059:c2fe:b99d:3798:1c11:e757:bb84:854b,940
HN,AA-CF-2C-16-4C-3B,9f7f:7622:3c41:c49c:92ae:4355:70a9:c73,666
RU,C6-04-74-01-DD-76,e7ed:57b:1b2f:67a9:36ab:9f9b:4b59:8a2,420
CN,C8-38-47-81-CB-A1,e000:fe06:ab05:6f0b:361a:b8ff:76cf:4b4c,42
CN,32-F5-85-23-24-8E,e15b:43f5:6935:bfc5:d81:8094:ea3d:b0a3,359
JP,F2-AC-4D-2D-75-B6,634c:7ee:73ac:58c7:4c37:b46b:bf00:31ff,496
RU,75-D6-E3-53-A4-11,3e3e:f91b:c2e4:68c3:ad3a:8e83:ccd6:f6ea,878
SE,8B-C8-8E-EA-0A-FC,163:6971:50aa:efb6:6235:2d03:d389:3b7d,331
US,57-61-43-3D-FF-B3,81a0:5245:9a69:b0ec:5561:6c88:9b33:a443,781
RS,C3-81-75-7A-B3-19,84b9:cf13:aa1e:ae62:3f09:a14a:f0aa:9ffd,63
PL,E1-3C-D3-0E-B6-80,116b:fd6c:50ba:3c3f:c3c9:7253:d8bd:67d9,209
ID,1A-48-8B-D0-6E-8D,fe1f:4489:967d:23b6:2e53:9495:506e:fc5e,59
CZ,60-51-81-BE-02-74,d9f2:f080:2dd2:b693:74d4:d584:ebcc:8ff0,302
CN,F4-2D-1D-0D-AD-95,e782:20ad:5f98:20f1:6e85:b1a2:7a9:65d9,314
CN,3E-0A-8B-67-80-BF,9e7b:7561:30e5:1f83:7548:79de:3d4b:da24,139
RU,F2-FB-DE-DE-62-AD,f69b:59e9:7316:27b2:627a:ad3b:6407:45fc,886
MY,6F-5D-7E-F0-B9-4C,a656:1312:d89a:41f8:74b8:c0b:71af:5238,876
PH,0B-D4-3A-07-7A-B6,e509:c0b8:f4ba:e393:f3ae:2812:568e:8a5,337
CN,74-F0-07-3A-FE-15,629f:304f:2cf1:e603:9ea7:aa6a:b26a:fa02,624
PT,9E-21-74-03-5D-70,633b:ef5f:da2e:2849:3f73:804e:d133:bc0d,630
CN,9A-46-84-0E-D2-15,6f47:24b3:66b0:b61a:babe:ab93:5a1a:1579,530
CO,E5-7F-CA-F5-40-AC,8dce:d83e:ef4c:e3de:6c21:71a:85b2:c2db,363
ID,35-51-D1-71-94-54,f048:de3e:2298:76a0:e784:9b4f:233d:6261,222
PA,C0-F9-E4-D3-10-E1,fc7:f880:5bc1:ae7b:bb93:9f5f:ee50:c7da,15
LV,97-54-C5-BB-CC-57,bf7:42b3:e299:99b5:e201:18f:4b00:a805,877
UA,43-E9-CE-21-DF-21,3a2:7201:965a:e669:9c0e:413c:a85c:9c11,481
US,65-3A-B0-19-E4-15,39c2:2af:4b67:c3a3:cc0c:b7fa:6138:d906,301
BR,6C-D7-F7-6C-49-CD,29a1:2e92:5b8f:f005:ce29:3d79:59fd:698c,537
NO,4D-7C-4E-FA-0C-F5,d49e:43be:68f9:eaa:a853:99de:9c3b:3609,180
HR,C0-91-97-B5-E9-CF,d960:c3ea:b3ad:c009:96cb:23e6:fc1a:d7af,237
SI,29-4F-95-42-48-90,281a:a568:26ad:9361:ff8a:8195:b3:87f9,731
SE,3D-9C-6F-38-1F-C2,181c:808d:5dc:b0e4:904a:dc6:490a:8b81,545
ID,50-13-67-12-F3-08,a0e1:ad3f:82ae:fed5:4190:ed63:34fd:cbf0,942
IE,AE-14-D7-38-B2-CF,31a:8a27:fe94:4011:607c:a799:b2e4:3ece,326
HN,14-96-E0-CB-04-83,8e17:602e:695e:13e6:4da9:809:499d:1391,906
PT,72-50-A5-C5-67-31,db6d:dc65:13d4:6a29:b1f7:89aa:c6af:78d7,314
RS,01-1C-B9-6B-E1-27,3ee5:de91:9d55:cc84:4195:fcf8:c652:c7e,905
GR,DE-1F-55-09-48-30,44ed:1bf9:6f7b:bf95:1724:65be:c6e1:1270,195
SE,82-AC-0E-D3-6C-B5,4bdc:6110:f9f9:4d92:4cbb:53b5:2c0:4aef,990
ID,F3-48-6E-36-06-7C,4df:dd7e:1649:2554:6eed:edeb:a4e0:a694,596
PT,9B-F6-DE-18-70-A4,6ca6:e64c:5e29:156d:266:99d4:9873:1f45,307
PH,90-B0-5A-5F-48-18,4845:84a1:980e:db66:e8a:63c7:db34:1f73,104
ID,0B-32-AD-03-0A-62,4bc:ba1e:a3c0:143a:ff53:5c84:42ec:8e54,411
UA,46-3B-C3-44-03-BE,eae3:9b4d:cc0c:3e29:3ae:53bd:aa57:2a33,698
PH,F0-E2-49-9C-31-54,4d21:54cf:3327:6444:bc3f:cbd:d2d3:74c5,750
PH,E1-16-93-DD-3E-29,912b:bd1f:63b:61e8:902f:257c:da0e:71f7,454
ID,1D-A5-9B-EC-33-F4,7ce1:c96a:7437:8ada:e2a7:89e8:ed4:2a85,470
ES,D8-B5-3A-4D-CB-3D,79bc:ac68:ab1:e0e6:6500:40e5:508f:c6b4,619
FR,C3-85-9F-1D-BB-9B,f75e:b89a:d015:8eca:90b0:f9db:6572:4d12,941
XK,B0-6F-86-95-E0-49,e711:af35:b28a:f78d:c717:309b:596d:a5f5,640
BR,42-9E-9A-FE-F8-62,2a06:9d8e:cedd:aa96:64e9:6682:cf33:cd45,194
PH,FF-FE-5D-71-06-EF,1f97:8568:2fd4:1377:62f:ea66:7fc7:b4c,444
CZ,57-6B-F3-2B-CC-AD,72bf:ae7e:289d:ab9a:62e8:8f01:92f:6979,46
CD,5A-FF-7F-D2-D1-2E,6e90:b5ff:1291:7987:1032:1ba3:65c9:1023,266
GR,60-D5-AA-B8-1B-62,f6ca:19ef:c7f1:6556:4b8d:c95f:e37b:6498,414
PS,99-4B-F5-CB-2E-9C,8501:cd55:f0a0:f926:58f9:185d:aae0:ab79,162
LR,9E-CE-4D-BD-F7-92,b403:590a:a24:203b:2e6a:bb0f:a02:968c,37
JP,9E-54-4F-9D-E0-0D,43bf:998c:1c56:7a69:8fe4:6519:9e9c:1f2b,179
CN,08-05-06-94-6C-C8,b94d:d89f:7b91:24a:fdf8:e83:a307:2a5d,791
ID,56-11-17-5D-BE-79,84fe:196f:3f29:1c22:53e7:a840:3080:7bb3,918
BY,EC-5A-71-9C-67-2A,ae29:fb22:2437:dd93:50f8:c5d2:d51d:218d,869
CN,F6-43-31-5F-12-76,a44:b10b:e4f7:a9f8:7bb5:2034:5b12:dd4d,411
ID,75-84-99-4D-CD-90,e4cd:e1fa:4035:4ed8:df10:91e4:9c17:da27,622
JP,C3-01-12-5F-FD-63,40c2:cc43:6cc5:880c:d277:2b24:ed82:2941,404
TJ,AB-91-36-88-C1-25,110c:b53a:75aa:3dac:5f0e:f2ff:9da3:c863,76
VU,35-5B-C7-72-D8-2B,be21:319b:4d78:7953:550d:91a7:a119:882c,941
CZ,9D-49-75-B1-23-AF,73b8:c8dd:ee2b:e1ee:2a81:6310:3f79:5bc,11
PH,91-53-9B-4A-5F-39,3d98:10bc:bf4:6149:e2ff:f3b4:9f8e:7a33,971
ID,1A-B3-3F-71-FC-9E,cf22:a3cd:503a:550f:a0c9:bb5b:e728:1233,214
CN,A0-42-69-09-BC-13,4af5:7583:bcae:fca7:d634:5861:6c60:36e0,723
SN,DB-AE-D6-71-EF-35,29e8:38a5:3247:fee2:1707:c021:c1a9:5a26,653
US,7F-51-C1-28-3D-B1,5c9a:b71c:cf6d:c1a0:1176:fd7f:94a6:1e4d,416
CN,88-40-EC-64-CC-B5,400a:bd54:5b6e:ee7c:6e10:740d:b53b:1501,375
ZA,05-B8-63-DB-7A-3D,1de2:c77e:8f78:92de:67bc:410c:6850:e8a6,419
CZ,0D-A2-C3-43-A1-17,b602:225e:e7af:3dc8:6722:b0df:7bbb:2ecc,265
ID,9B-CF-B1-A4-BA-D7,f81e:5797:e4f9:c33d:19c7:eefb:b34a:ca0e,4
PL,06-A8-23-50-D2-1A,d51b:cfa4:fb5f:4173:b03d:6bca:7d6a:e1a,428
CN,69-09-14-A7-86-D5,5b25:568b:257e:7243:1f21:1d37:480a:801e,928
RU,FF-68-AB-05-7B-5D,c1cd:1ff:d3b9:6032:8614:efed:e94b:323f,467
NE,83-71-62-7D-6E-08,c961:b55a:5df2:3a28:702d:86e6:6d8f:a459,934
MX,1D-88-43-66-FF-3A,ea6e:7dd2:946a:948b:9a7f:711b:8055:1962,812
AR,FA-38-DD-50-C8-A3,77ef:dc9f:6d5b:9cc6:5149:90e0:4dc8:6099,1
ID,12-A6-59-1D-30-00,ac66:5dd3:d990:743a:a0f5:aa12:10bc:874a,526
ID,2C-3E-9D-96-8B-8B,9374:94d8:b85a:e61c:b222:9293:2ec3:81cd,272
KW,FF-CA-BF-CC-36-BE,88b4:4f4:7d48:6f9f:c653:f3eb:4ccf:772a,812
CN,4F-6A-1A-33-39-3F,67e1:f2f1:cd9a:92f4:d4fc:9b44:4ce5:3fd2,306
ID,05-DB-01-9B-4D-50,33d1:e475:263f:50cc:4386:1cab:3fed:285f,631
UG,50-B8-4B-08-DD-CC,71de:d056:cde8:a3e0:d328:121d:80d4:57b3,647
PH,F7-9E-CC-BD-CA-4B,c705:c1d8:ba8b:c8cb:c030:801c:35ae:1643,271
PH,92-B4-6D-A3-7D-1E,6914:bd06:f72a:f4e5:87b7:6d17:75b4:5108,310
EG,F0-A7-37-6F-49-D2,f023:4bc6:648f:152c:d238:2144:fef3:864f,334
CN,48-32-49-A6-D8-90,1823:dde3:338a:9a0c:9e8a:cdbf:3f64:cc13,563
GR,CC-BE-EE-01-BF-E0,5b35:ee2e:da60:d548:63f1:e599:578d:5836,300
PH,B2-F3-7A-6B-43-B1,d137:3066:73ee:79d4:1cd9:6087:fb98:7734,228
CN,E5-5D-77-92-E6-65,e7b4:8822:125:e602:caf7:b3fd:8b20:7855,704
PH,62-BF-58-B9-49-4B,2456:1e71:2d2e:d1b9:17e7:4fb4:9327:b097,282
CI,A5-0B-D2-72-29-AE,f57e:a777:71e3:ebb1:8c82:6638:82cc:570c,51
TH,E8-F9-E7-98-87-C5,ba22:eede:5db4:bcf0:e4a7:ad12:7e74:fd54,877
CN,11-F9-39-CF-BC-94,707d:b92b:806a:b1d8:6678:c72:8720:99ec,370
CN,7B-6E-83-0B-37-61,98c1:5d63:20d3:ee2e:e065:2426:4ce7:766e,419
CN,1B-A9-C7-76-3F-F3,8ab:cd30:5e36:42bb:5eb1:349a:da49:c826,348
ID,41-C1-A4-1C-69-E8,8eeb:23d6:8f68:bb6d:1084:c928:23ef:dd2b,940
KH,1E-22-D1-C3-07-54,9e14:17b3:da59:8933:73c6:d853:b875:373a,757
PH,15-87-1B-80-76-FC,9839:e3c8:50e4:ef4b:b572:b9f6:f994:7fc3,476
RU,29-F0-31-45-8C-E7,d45:4c0b:f1f2:5172:de92:9f77:d3d6:d0f7,583
MA,ED-1C-6E-EB-6E-68,4c6c:1547:750c:818b:141b:8fde:fca4:4f3,387
KM,BC-B3-C8-85-1A-3F,8707:a693:528b:e140:3083:58e5:6b36:bee5,193
NG,65-63-4A-51-3D-55,4d45:a172:3638:1c3b:59e7:afc7:c904:9960,174
PH,5A-0F-80-7D-99-7A,c4a0:3ad6:3590:5cef:4c0:d0bf:57d1:6706,224
CN,B4-B3-CA-4A-7A-AE,b9d0:a45d:91eb:6495:68d2:1f5b:7ec9:c96,816
GT,C8-B2-81-A0-BC-0D,38bb:f1ff:f084:a53:e7cc:3297:e456:1596,855
CN,44-52-5E-98-75-69,c98b:7dfb:8204:f2a3:cbd2:96a8:1e07:251,4
ID,FA-62-5E-52-42-97,bf1a:3616:ff05:1e4d:e931:8958:c723:736b,298
BR,1D-AE-E6-F1-4B-33,ead0:cff0:3efa:257d:4613:60ae:f184:cae0,390
ID,8D-BF-C9-FB-8F-41,b229:ae12:e135:8eb5:8d7e:3772:2680:d57e,491
FR,3C-DC-F9-4C-AC-E0,5b11:3ac4:342:15c8:3955:6af6:522:4f19,269
CO,5E-0E-EB-92-DD-60,1879:22c9:c0b2:e692:670f:7943:6e2d:1003,23
GT,42-B5-86-6C-DB-D4,996f:958e:47aa:3294:aa89:ef32:a115:2777,576
PH,67-83-AE-DC-77-28,285b:8c47:b387:607d:785e:b941:1c34:e85c,788
SE,5D-13-07-65-83-8A,8a82:6dfd:ecf5:146f:8d5e:b873:1f9:a8f9,402
SI,B5-D1-38-63-8B-BB,e2a2:9f40:55:975f:c844:ad3a:e610:408c,598
JP,19-26-8D-63-B3-C0,f523:bf37:4fee:69b1:3811:6235:6381:6ea0,67
UA,FF-C2-33-D2-52-3D,6ed0:ecf4:4cab:7bdb:48de:b2eb:38ce:e50,332
RU,3D-53-30-55-B1-44,dabf:ef18:25eb:6620:171a:5c15:5570:185f,54
PH,9E-23-F2-80-1B-2A,4e09:db80:8f1c:1d2e:cb35:23b7:3a34:962d,816
IE,61-A5-E8-47-4A-08,5354:80fc:f98d:7dfb:e691:78d9:d86e:872d,516
PH,C3-E5-DC-E5-F5-48,4fb3:8ac6:4a73:ad67:dcdf:a34d:fd5b:ed42,368
LU,A4-0B-18-D2-5D-21,f2ff:d9:d8a2:dd71:2121:f806:51f2:699d,697
CN,B9-D8-EB-0B-4F-F8,6f7c:5d72:238f:e064:385b:c1a2:fba2:7fab,833
MN,27-8D-A5-C2-9D-17,1370:9f42:d057:8f52:cc14:ccab:ec4b:bf78,862
CN,3A-39-60-3C-AD-55,1c7e:5fa0:462c:d150:cf17:eae1:64ba:6b46,529
HU,DA-DD-64-A5-53-C0,2a82:aafc:bce9:7db6:d00a:f018:a918:ef10,626
CN,45-2F-75-67-00-E8,b2fa:a5c3:12a0:86ff:4b75:ee27:7d78:2e3b,501
FI,C4-5D-5B-87-32-1F,992:5726:d995:47f8:acb2:3442:746b:7e7c,565
CN,96-D8-BE-99-15-37,8e0f:78:91b8:ebf:8dcb:9f0d:44ce:8cf7,135
CN,D8-23-FB-C1-9A-7F,66ef:7a48:8a0f:613:a68a:9824:54a9:41ce,908
PT,5B-9B-B3-65-79-EB,2ec8:6f08:eefb:2e3d:f8eb:dab5:ad4c:fcca,108
CN,C0-B6-22-C1-52-CA,34a7:90a6:3ef2:fd78:6e5c:a416:1316:9c44,178
CN,41-30-26-7A-F0-E1,2c69:c058:cb86:3d17:668:5512:a817:37,260
BY,75-B7-31-BD-C3-71,bd63:abc7:70ef:f585:6235:b4f8:659b:1b6,674
MV,B5-7D-4A-56-49-FF,e950:46d9:66b:4bbd:ee92:5e42:abdd:26aa,868
CZ,FF-88-E0-F1-BC-A1,f282:20c6:c406:5f5b:90bb:341f:bdab:f2,28
ID,CE-42-7A-D2-05-A7,a150:4406:b653:1a0d:b9c5:2440:79d4:1a7e,410
TH,94-DE-E9-4D-5F-EE,f683:cf50:89b:326a:c7fe:f5bf:c658:6cc8,125
BR,6C-D6-5E-63-E5-B6,bf9d:af7f:adff:f7bc:f54b:7fee:bfe:3c7,990
US,02-97-38-E9-4C-CF,d9d4:283:b440:2b55:b815:4263:689:7d64,321
ID,29-43-0E-1C-6A-8B,640b:52d3:11e7:469e:d93c:187c:3eaa:1111,63
CN,45-91-65-CD-00-5A,c1e2:3f52:8a5d:9064:1150:d949:837:3fd8,838
FR,74-8D-6C-1D-0D-57,f600:7d00:df0b:2d9a:fea2:9a23:e914:63f6,243
CN,9C-3E-A8-21-B9-C4,b667:19e2:f1c5:1476:d8ce:b6a:fec0:9643,414
NG,9B-4B-BE-4D-DC-56,99ed:b0bd:d651:e4d2:d9ab:7bf6:a67c:d4ec,787
RU,0C-E5-3C-A2-AC-69,2760:f808:47e8:b214:8eaa:d2af:8d33:e53e,560
CN,8D-6D-34-82-4C-90,c99a:30e5:fce5:3007:751a:d917:16ae:67ef,839
CN,4D-BC-39-41-CE-CF,2d19:4427:7060:f1aa:ec61:9f9d:abd0:484a,208
NO,06-15-57-56-FF-D8,9d90:12a3:e9d:3e69:b57d:7bc4:d747:545d,415
CN,EA-32-59-28-F8-A1,5a95:c90b:37c:bdf6:10de:a4f8:f599:5729,44
PL,5F-F9-EA-AA-02-5A,60f0:f1e6:31fe:b22a:2db0:a255:60e4:dbea,701
CN,E3-AC-88-F5-12-21,6572:2ecd:8847:ba4d:c4df:2ccc:b6b1:fa73,698
CN,B6-5B-34-1C-DE-DA,98c6:21d2:9c80:2f36:256:352d:e9db:5659,130
PL,B9-0B-E7-B8-E5-13,cd32:5ac5:e29:3cb4:71f:326:e5d:c4dd,87
CN,6B-2D-DF-83-B6-09,2736:804b:f20:4ba4:9f74:7269:687f:601c,54
PL,18-EE-53-24-E8-51,c6bc:ccba:a73c:6a64:bb04:4b:12f5:7bf4,796
RU,0D-03-76-BA-DE-AA,cb94:f773:17df:7e97:72da:550b:644b:59f2,157
RU,05-08-4D-4E-C6-83,4758:ec86:7b2f:7a36:849b:a6cc:17e1:864c,114
PL,8C-1D-30-1F-2F-66,d427:fa1a:fe8e:9f1e:13c4:c522:149c:558d,867
HN,B1-47-55-30-E1-E1,15ef:4b2c:365c:7318:ec4d:ac4a:d7ac:192b,129
LU,5F-1E-92-FC-A5-41,c425:b4a0:8a96:7b28:e7fe:d2a3:f7e9:3a03,282
SE,E1-28-F6-9E-7E-74,9bab:6794:61a0:7c5a:4e1:3ea8:cb62:f29a,403
GR,A3-1C-89-07-F1-D1,a9fd:36fd:2ff3:b882:50e8:3f7e:c70a:76a5,906
BR,3D-73-89-2C-F3-34,29b:915d:5318:6362:9c4e:aa80:6b14:65e1,358
RU,B9-82-26-8F-6D-85,d7c0:753b:464:2260:8468:6f43:508d:3291,378
PT,56-DE-FD-4B-8E-1C,6acf:5e54:26bd:986a:7c39:3e14:cd8b:f223,13
ID,94-3D-A7-33-D5-3D,9eeb:8954:8e64:c18b:d268:2912:b4c6:9034,464
CN,AE-EC-5E-F5-09-BD,670:e831:3829:b867:c9e2:a253:a00d:d16d,184
UA,3A-74-64-FB-0E-2F,ea75:ef08:ac50:1520:ab39:8ba:2401:c7e7,636
PT,0B-E0-49-2C-28-D1,9cf3:e635:e7bd:da85:39df:d8c5:4e17:c108,419
FR,59-AF-3C-9B-6F-EB,7214:521a:4042:1d01:5d0a:8cdc:6d36:502d,825
SE,1C-DD-7D-1B-D9-0D,ba41:febb:40a8:84e9:8746:4cb8:1c39:bbf1,877
MA,FE-F6-0A-B7-24-19,f8bc:6fc6:9fa6:2129:ef84:cc6a:71e9:80c2,447
BY,9A-7A-53-ED-0E-0F,eef:2389:567d:c51f:791e:a56f:f243:c4f9,682
BF,55-1D-A4-02-58-1B,c068:d1c7:26dc:6c:dc4c:24ed:cc37:8bf8,928
PL,D9-8E-BB-59-53-ED,8e7d:6b9c:9e20:6051:9557:ee10:7ea9:8477,802
RU,17-B3-E7-4C-06-FD,ac6e:9384:6d9d:75d6:72ed:abb2:9b61:86f9,649
CZ,00-6F-D4-37-AC-A5,9054:3446:d118:879f:7251:e165:4c36:b92e,686
CN,23-48-CF-69-11-22,2d21:8204:2748:581a:e61b:56bd:d795:3412,468
TL,F0-AD-E9-6F-CC-C7,d68e:8e60:6390:b283:f987:1c1e:74ab:9512,810
AR,95-BF-1A-3C-29-A7,bc4e:dbe9:e882:a2c2:36c2:9145:63f3:b55f,887
ID,C7-69-EF-23-FE-C1,2790:8f70:b30:33a:ffcb:ef60:559c:ded2,125
YE,CD-B9-89-61-E6-79,7e9a:f397:cbc:209f:9bbe:b576:aa86:df4b,853
PH,D5-63-6F-26-C4-D2,a359:114:d1b3:7075:b9b4:7c98:5d11:3264,191
SE,49-12-38-BF-8A-8C,386:cd46:4aa8:b603:eb19:218e:785b:ecf0,144
PH,C1-71-70-E8-72-1D,f160:8852:405:6c81:fe9d:56cf:e027:902a,283
PL,EB-AD-36-86-53-E3,f6cb:8fc9:1e71:8717:1cd9:8e04:d2da:c4ae,95
CN,33-0E-0E-0F-76-CB,4e89:d808:23d9:6e9e:faf6:e0f9:bea:6112,723
GW,1A-7B-9F-62-91-05,fb2a:792f:39bb:5f34:f208:5ce5:aa16:9d6f,34
PE,29-C2-83-14-9C-8F,50:8739:d219:78bb:56b4:3310:add9:3cf9,563
PE,3A-06-DB-B1-B0-3B,8b33:a819:e35c:4d07:6d0d:2b48:e36f:42b,130
UA,AB-21-08-37-89-20,f646:25b2:97e:2400:a4b:eb7f:7e2d:6b3c,903
FR,C0-C9-34-F4-F5-51,40da:e4e4:d974:f287:2536:133a:81d7:14a1,749
BY,B2-54-4E-9B-9C-B6,a914:df2b:4f03:134d:9ae8:2a08:497e:d383,91
TH,89-91-C2-2A-FD-78,7e3b:5276:3aac:56bc:de24:7454:bb65:d7e8,268
NG,4F-60-B8-EA-FB-56,e983:1225:d501:dbe9:326c:3e14:531e:8673,531
CF,43-B4-0C-EC-73-63,5ca:86bf:90aa:14ce:ac5:8786:2a71:e011,940
PT,B3-01-2B-7C-03-3B,4cea:df6:6a11:4c5c:d7f0:3cd2:abb8:9183,884
PH,7C-EE-BA-BB-D4-83,91ce:dfc2:6551:1f04:af67:ded1:1e11:9fd8,995
MT,16-59-AA-D9-7C-F4,265d:6840:96ec:9b73:ec58:7922:92a8:cf20,552
IQ,16-14-C0-CE-6B-D4,1a03:bab0:f8c9:8f77:822a:1bff:c633:899,650
CG,47-5A-8C-FE-84-09,b121:980a:be88:b4cf:7600:70c1:7db:a2f5,825
VN,F5-25-C1-B3-1B-EB,333e:f85c:3f25:a8a:ccd1:62e4:93b4:e3c,171
UA,39-90-D1-3F-08-48,6a0e:555a:60be:ea02:85dc:34b0:51c9:7ea4,375
CN,09-BE-4E-D7-ED-24,1583:9258:bd6d:47af:a04e:e6fb:90b8:9cbe,430
PH,01-4F-E4-29-53-A6,d7f8:e59e:903f:2b72:be0e:c602:db05:4f84,856
MK,23-0A-2C-94-9A-62,c332:a52b:10c6:b0db:7dd2:168d:4493:3ebe,395
BR,C8-29-A2-E5-4D-19,e306:2be4:d683:5335:6996:93e6:2cd3:7287,274
CA,08-3E-57-63-6A-0A,188d:eb66:f4cc:2fc4:7397:6a55:8712:4a71,312
PH,DD-4B-D5-E0-1F-D0,3a6b:fb02:e1c8:4530:3e5c:a858:749a:1d19,967
CN,19-AF-0E-D4-5A-77,29a7:5266:4fe1:6923:2cdb:aa6f:ae95:d582,326
RU,3D-50-85-9F-CF-52,a291:9e21:4727:570c:f8c5:e5de:98dd:8352,126
PL,13-0C-70-85-F9-12,c6a0:2a24:d3fb:ee2b:e21a:1407:9be0:e43a,307
AZ,8F-60-6F-20-79-CE,bc4:2cbf:d8ee:d2e6:e39d:2d83:836a:a96,242
ID,32-50-45-12-1D-5B,bff7:b5dd:80e8:ab9e:98bd:7716:3567:4cb1,54
BR,39-4F-AB-E3-DF-24,bd5b:278d:7574:7879:37fb:3a0c:1fb2:cd2d,76
MX,33-91-52-D1-02-61,d6fc:4824:c9a6:e6f7:6257:58a9:7b1e:f21c,402
CZ,20-91-CA-30-A2-A5,d75c:34d5:cf06:fd77:9cec:5e07:2b62:76e3,149
CZ,83-17-F6-BB-04-87,992:326e:1b0d:9c7c:21b2:c4c0:67e6:5394,616
CN,56-22-65-87-B4-D7,f80a:4d99:5b12:65af:235d:d9aa:c31c:38e5,771
US,47-97-5F-01-2F-E5,8f3c:8a20:6b64:c605:4db3:bed6:21f:2141,792
CN,80-31-C5-24-CC-67,ae43:59cf:5b42:b5ec:34b8:d94a:8072:c4c7,557
ID,BF-E7-50-0D-5E-DA,2343:5663:87ff:65c1:d3ea:648c:d5a5:41ae,523
CN,63-F4-3A-CC-80-9F,a96b:aebf:e286:42e4:9b91:4be2:82c3:ca5c,241
BA,73-2A-88-73-A9-89,d793:e45e:8e45:eb9e:95bd:e035:a3b0:fa8b,987
BW,50-E8-2C-DC-6C-C0,e015:8e00:a106:59e6:e3d5:863f:b18f:f3bc,361
CO,0D-41-B0-45-AA-A0,70d4:32c6:cac9:ae13:31ae:792e:1c79:5291,408
ID,C0-C1-8A-AC-D1-83,2960:a5f6:8f3c:6740:18b5:e9f0:c526:eea0,103
SY,D9-C7-65-10-18-CB,6e2d:5e91:c323:3023:c62a:900c:7a74:62ff,660
LY,5A-46-FE-73-DF-0C,e048:5fe3:d88f:170d:6010:d737:4543:4ac0,731
PT,BF-5A-9A-34-66-99,c5d0:52bc:2ce2:7e87:d246:7c27:9c0:46b4,51
CZ,B1-18-21-68-D1-D9,3a52:64aa:9b11:3e20:66e5:fb3e:aea8:32a4,656
PL,D1-E6-F5-92-DE-96,e85b:137f:d351:cd37:c4a4:a685:cff4:6f65,363
PH,6B-F0-D9-EB-A1-5C,42b7:67db:9873:2faa:482e:94e5:7ddb:cd3d,53
CN,81-75-62-2A-42-DF,186a:e06b:a956:c7d0:596f:8029:c6e9:622b,329
PH,75-6B-3C-CF-08-8A,da25:e112:8cd9:970e:3b9d:4282:94d1:30ff,460
ID,79-13-69-DF-C8-78,cbf8:e7ca:1b19:61d8:a8d3:52e2:bbd:b2ad,750
PL,F2-BB-6B-11-38-F4,c14b:6472:fb76:67c2:207e:8bc5:b085:9fb7,615
ID,69-EA-02-B5-9B-97,4566:50bc:c33c:4078:206d:9711:1fdb:23ee,893
CN,26-1E-D9-CA-AA-92,67c7:88af:298a:3604:4a03:a2e:a86c:b218,683
FR,BF-72-1B-AD-66-84,7d13:affd:55cb:b94c:11c8:9d16:181a:1e44,950
CN,38-43-A6-45-24-0D,70ba:a777:9ea2:bb44:1f08:34bc:642e:69c4,316
KE,FE-DD-63-05-1F-2A,9bca:4ea:c448:1dd9:cbdf:d3b6:4b1b:75a3,283
CN,80-D0-79-CE-67-4C,1088:4db7:fd3c:5b06:4f2e:7f87:ef4e:88d7,434
PH,19-F0-81-A9-2A-32,7bcd:39cb:8fee:cbf4:7ca5:2ffd:867a:b55a,442
CN,CE-D2-3D-39-0B-B7,7765:982a:60f4:917c:5a38:4840:2cc:27,157
ID,2E-CC-CF-D1-2E-D4,53ac:7042:84bd:674c:4952:7a54:f74a:3a1f,251
KR,E6-7A-4E-52-68-BE,84c4:70c7:4f94:37fa:423:6ba4:208c:1501,616
ID,05-98-0E-57-C2-1E,13b8:8dd9:d42:744e:8f80:6a90:8629:c9ee,317
MK,F6-F8-B0-F1-92-70,18:3b7b:496c:6d2b:dfd8:e959:d3f2:ce63,424
CY,B6-68-08-81-1F-34,9cff:59cf:b46b:7c29:fc80:be4c:22dd:d814,67
DE,94-46-59-9D-0D-02,a0b3:50f6:6abb:3c0a:2e69:8d3c:3ba2:c8df,204
CN,1A-C8-32-E3-5B-E2,4626:2b10:c83d:beb:d76d:24ec:41f0:d839,423
TM,3C-E8-9C-D3-89-E6,e4c:5117:19c1:3c22:7889:7e5:3530:74ab,326
RU,DD-4A-97-AC-30-71,7e78:9fc3:3274:ec1f:9edd:352:fc87:55e,630
PT,8E-40-44-6D-DB-BE,dc39:d466:4a3f:b434:4caf:e5f7:8a6b:58a0,565
SE,BD-25-A3-D9-A1-3C,4364:c78c:bd7a:e97c:3d2c:45ee:8e64:b031,777
ID,A7-BE-1B-AA-DA-E9,a394:c052:f2ef:39e4:21ed:761a:93a5:c243,698
IS,6D-24-1D-11-D2-B5,5780:98eb:adb6:b120:1974:ca82:9a35:4701,354
CO,27-6A-9F-22-AA-59,826f:b546:9fbb:1ae4:795a:8393:b23:456d,121
MA,06-53-30-F1-99-AD,608d:67de:32a5:6913:d9a8:8fb7:bf74:bed7,950
PE,AB-66-1E-E9-4A-4D,cc9:9248:cf5f:2f3:d958:b8b0:b5a0:5f86,621
RU,1D-1B-6F-BD-BE-09,853c:9a6d:b56a:656a:e37f:fb9f:9617:876,188
VN,08-5C-8B-9B-17-26,a96d:ead:d2a8:5529:556c:e0d:5b72:76b6,12
PE,26-13-28-F6-3F-E3,3978:cbe0:c9a0:57cc:d2d6:2ce4:6b9:635b,624
US,07-9B-BA-83-59-5E,40f9:b530:1bba:255b:d69c:220c:7de6:dc2a,359
VN,E6-81-8E-2B-D9-B8,6a6a:9e2c:aa2e:8ca8:b650:5b91:a3fc:6731,440
PT,69-A6-73-6D-B7-CA,e70b:6690:165a:b8e5:53e0:7227:2895:ccda,455
BR,A1-6F-88-6A-8E-90,f50f:8f45:4771:92f4:a1df:e40f:c733:586f,517
CN,D9-07-83-A0-D3-BF,bc86:92c1:aa43:69be:34d:1148:9450:36be,757
BR,3C-22-8F-9C-2E-BC,9351:c07f:b4c4:524c:68a9:243b:e767:ff0a,134
NG,CD-AD-27-4E-27-55,c96a:1eca:a7b5:19da:5e15:ee87:57d3:6100,673
SE,0A-F8-4A-C1-ED-36,5755:aefc:b61:24a0:343c:c2b8:b809:9635,541
VN,38-1D-47-ED-47-59,ea22:9028:cea9:fe9f:3ef5:6504:43c0:58a2,977
DO,A1-12-8D-B1-39-0F,a3ac:dee1:8c56:5ce2:78f9:e1ea:783d:8f1b,29
CN,79-03-CC-ED-C1-DE,b365:61bd:525d:f03:83b0:8aae:ca54:1536,287
DO,6D-FF-37-A8-51-9F,4e0e:ab23:d99a:b360:6351:c1eb:9265:b36b,64
KE,6F-75-F7-B5-6C-2A,47c4:7fbb:c780:e023:272a:79da:1e74:8fbb,840
SE,2D-8D-DB-7A-C1-81,908f:673:f772:4403:3e72:d895:48d8:dc21,561
ID,2E-AB-81-CA-71-6B,74:1feb:1e34:1d27:4cf2:477a:b4d5:bb7a,248
CN,59-4B-A6-7C-43-5C,dda1:278e:8f20:2a19:366a:a50b:8d2d:c684,348
ID,57-ED-7B-76-69-74,fe4c:f5ec:7750:d81:ab7b:b349:4cfb:b2bf,315
GR,A3-9C-25-C2-D4-78,f848:74f7:9157:b00c:b923:cf1c:db2e:b554,289
FR,DE-91-E1-00-8F-14,4ad1:22d5:e2:61e2:552b:7987:7aac:3e82,300
CN,95-E6-5E-39-CE-9C,ee0a:511d:9393:66ed:e360:31f6:d78f:40b3,307
SY,20-BC-F8-26-D3-A9,401c:5736:2904:45e1:e339:a81e:9384:bebc,75
VE,50-ED-BD-8E-1E-87,c334:60b3:7fd8:4338:29b:e8e4:efd3:9708,986
PL,C5-9D-79-72-25-A0,6fae:3feb:310c:90ec:8b57:968e:6b4c:b0d6,218
FR,C6-39-C3-CD-D6-6F,9a3a:9ebc:fac0:8e1:536:dbe7:d27a:b307,496
PS,E8-7E-5F-3B-3E-6F,9222:ba6d:686f:e297:17b7:ee45:e9d2:d6c4,829
RU,53-66-79-51-84-8A,c08e:cf84:a228:32f8:6664:fa32:d58a:3af6,61
FI,8C-54-FC-3C-02-7B,314b:4d25:c81d:e686:239a:18a1:4e64:bf9c,749
ID,0F-85-0A-8D-C3-8A,c7c4:e63d:9d12:3f5b:86c8:4e41:7ff0:d4d6,219
HR,D0-F1-38-31-BE-FB,757e:d548:7e17:d665:afad:d8c4:4ec5:cf96,908
BW,6B-95-15-C1-49-BE,154b:996f:95d1:6301:976a:8e9a:4ae7:ac4d,779
CN,D3-63-45-EE-FE-84,975b:1551:a307:2221:fcc:11c:68d0:e097,845
CN,F5-0E-74-2E-E6-8A,ab1d:a24c:25a9:98ef:34ae:65e8:e60e:b50e,570
CN,59-4C-49-9F-C1-15,377a:ab21:f258:fff3:297a:3bc5:9372:9335,968
NP,46-16-2F-C4-11-6B,501a:c95b:2d06:bc87:6322:512a:68bf:a17c,738
ZA,9F-40-C3-26-DE-E7,2020:fb70:7cbb:e823:6780:d24c:971e:63a3,431
US,CA-68-AA-0C-36-72,8636:eb12:f16a:b358:c462:ddcf:2cf7:c935,970
CA,2C-CB-96-6B-AA-CC,97f9:ab60:d2a0:53e1:6b66:ee5e:31a:7d8e,703
RU,FB-CA-A8-AB-8B-68,9319:dd65:ee2a:556f:ce3f:5f15:5f34:3f24,187
CN,73-B6-19-FE-CB-7F,ffde:37b3:3efa:cbb0:4987:15b2:56c4:e10a,670
DO,C1-F1-D2-5C-72-A4,af59:28ce:e5e6:2ceb:9f7a:9724:1e24:fd19,632
PT,71-24-75-B0-F9-2F,5eb:bb26:440a:a926:9a9e:6c96:db71:1c77,768
CN,4B-2D-43-3A-8C-0D,7c1d:ccca:725e:b892:797d:6a4c:ef00:cc35,334
TH,F2-A7-F7-02-CE-65,a9f:5fb3:7ff1:c124:f6fd:e97a:553d:19ab,588
AR,D9-6D-00-DE-37-31,1f15:b091:3e8a:c668:e1c0:f8ca:63ad:28a2,347
CN,07-B9-9A-29-AC-A0,bcbb:85bf:6ca9:d6a6:64b7:8fcf:2cff:7ef5,315
CN,0C-81-D0-D1-57-F1,e7d2:e171:d113:7897:ac82:8279:25a8:5d3e,857
CN,80-68-0C-1A-C1-86,6516:95a:4275:67c4:34f5:636e:fd23:8d0b,184
BR,1A-B4-7B-23-AB-C5,58f4:eda:62da:21ed:ea81:5394:828a:1fc8,439
SE,A6-91-DB-56-F4-4C,dfd3:f126:4b4e:7ee9:d5fe:2f47:d886:c7b6,267
CN,A1-16-2B-2D-B4-E8,d61e:638d:6b81:fc64:95b2:d473:ea74:1e2c,532
MY,61-F4-D7-5F-76-B3,78c1:8787:9851:f04b:a665:9a0f:74fe:5668,688
SE,B7-48-B7-29-E5-15,805e:6661:4018:4e75:b3b9:9282:7ae2:e2c8,489
ID,02-F3-F0-25-93-E2,dddb:8cc6:ad0:1766:ec75:fa7d:4347:f5ff,942
AR,46-97-29-AF-30-F6,6d70:49e4:ee8f:5bd3:b5f0:225a:f5ab:8360,347
PL,8F-49-9D-C7-D0-2E,dfb6:38b9:d03b:bb4f:7b58:2e47:6e7a:e7d6,674
TH,BF-A0-22-78-86-9A,9d39:f1da:f93e:514e:3005:3221:285b:48fd,818
CZ,C1-8F-DB-BF-6D-91,b8f6:4d2d:bc4e:806b:d031:5500:7b6:4299,219
PH,59-F5-84-4B-ED-43,4e2a:b03a:4172:4931:6330:f20c:4a09:53a3,22
CN,4F-F1-2E-FF-54-59,d752:3c57:988e:58b3:2b68:cdd6:d479:6e0,26
BA,47-1D-C6-53-E4-45,46d8:5ba6:ce01:b4c8:71bb:b426:8682:e79e,149
NG,0F-17-4A-BF-BC-45,3ee2:2dec:e4b0:33b5:b936:8ceb:ce77:d0c6,540
CN,A5-62-9A-19-7E-AB,deff:acea:1b20:5200:b1ff:77bb:b245:cfd3,137
SE,50-31-98-F8-38-40,889e:1e52:19ba:7aa7:b60e:43e5:b5b2:bbf5,98
ID,6F-5A-56-F0-A2-3C,b74b:ea0f:1b5:9b0f:5b4b:c593:a8f:d9f2,700
PL,F4-CE-E8-0C-D3-1C,ed59:3c8c:d3ea:6fe1:250d:e3bb:42c3:2e9f,447
CN,42-8E-42-1E-AC-7E,421d:8afb:cffd:1080:cdf9:f1aa:57f6:3eec,996
CN,43-85-57-73-DB-75,413:b1c2:13cd:9d6f:41f3:cbbd:f812:6f6f,729
HT,D6-98-FC-C3-81-AE,b6d3:cf3f:4a3a:9439:daf9:d123:eaa7:cbd7,422
CN,35-DF-E6-58-39-44,d788:ea0:b9a4:b5ee:e71d:7682:67a0:6b0c,560
BN,52-F3-B4-5D-FE-DD,c896:7c41:95d1:994d:a3df:5d57:515:6db5,162
ID,67-98-A2-37-2B-87,4d8:e9dc:b9fa:4001:4a39:70e2:42b2:aeb6,789
CN,AA-39-BA-2D-84-36,720f:74cb:ed7d:7e45:cffe:d7ee:1265:4a1f,242
PL,19-AE-C5-FF-9D-7F,935d:54b2:c7a7:e457:81b4:58ed:51b:98a2,147
CN,93-79-20-B3-6A-88,719c:3926:4f7e:fa88:7f84:8142:d4d8:47e4,760
RU,6B-EA-A9-EF-C0-44,1992:8dbf:66ae:f746:cc9:a287:531f:c5b9,217
KG,02-9B-27-F2-73-6C,c6a0:621d:858c:8214:834d:6a5c:93f8:97c4,60
ID,BA-10-F9-BA-7B-2F,4d53:d4f3:5961:7a77:785c:1105:a648:8cb7,687
CN,FE-F7-51-F0-7F-86,bc6e:cd03:5849:2569:c84c:ca4e:50ff:e367,639
CN,7C-63-16-AB-F5-7B,cb80:6876:b974:55fb:e0a2:5778:e9da:d2df,999
US,4F-6D-C1-14-CE-7A,24ac:e96d:7860:121b:771e:2ae:ecd4:6056,903
VE,E8-7A-B6-59-A1-D9,650c:1059:b7ac:e1f5:4b2e:30f6:1b35:1b82,811
ID,5A-C4-73-2E-BC-AC,e756:53f0:e101:fede:ea10:1772:46ab:9d90,936
PH,E4-48-1A-09-BC-B7,64f3:5792:42ca:21e:ead2:dc8:7a84:7023,49
KZ,63-81-3B-2E-34-2E,77a:8024:575:66c5:b0ab:1b91:4256:6fa5,183
GR,34-50-F3-C6-34-61,5ebd:4030:20a8:a81:95da:2ed:de11:93ad,232
KM,86-4C-2E-99-17-DC,58a:4eaf:565a:c0bf:9b53:7ffc:bc22:299f,62
BR,37-29-28-E9-11-8B,c57f:ff8a:6e94:96ca:4afc:2744:cf20:104a,105
ID,A4-25-80-40-2E-AB,e598:a6cd:919:95c9:3bf8:2166:2ed8:e5c2,960
CN,37-FC-F4-96-D3-C3,99c1:70a9:6465:ca7f:22fe:8460:3366:44f2,623
CN,2A-3C-71-74-68-5A,f0fd:4b7a:b45d:132e:4a57:d0e0:802e:a7db,140
BR,7F-79-B7-92-B3-AD,87a8:7f67:a562:f10:66ed:9edf:8412:6369,625
CN,74-08-97-29-B1-2F,12e:4843:dbf8:3950:d25e:685e:27f8:9c2b,771
CN,B6-F7-17-3D-A0-41,1e79:1e1d:eea:849:b3d1:8d7a:4fee:85dc,850
FR,45-E0-84-BF-6E-E1,5847:2263:3555:fa10:1e2e:6c5:9dd5:7a82,411
HR,91-04-8F-39-F9-30,97d0:8692:9a19:8d06:89a4:3a0f:7f4f:cb8f,27
HN,23-69-9F-64-B4-E3,f88a:699:93c0:be42:dcf4:5308:387a:c2de,921
AZ,1C-AD-DD-ED-6F-6B,f79f:5846:f388:49ec:1f50:ec37:b957:7583,829
PL,4E-15-BE-DC-6B-28,219f:9f83:580d:40a1:c169:5bfa:6e3a:94cf,168
CN,BB-AF-94-E8-31-32,b50d:3783:9a6c:c426:cee1:fa0c:1953:7789,191
CN,EC-D9-95-E8-81-D9,1b32:2e79:4175:e130:573f:74e5:1ecf:3108,12
UZ,2C-77-94-45-F6-C9,11e2:92f7:d9b7:5164:bbe0:7eff:b80f:4c26,69
ID,88-99-BC-E8-32-6B,6d8d:3d2e:ad32:a118:df33:a8de:2aeb:beb2,196
CN,9A-98-19-E6-DC-70,57ab:6490:a75e:8f0b:b6af:d80a:3aa8:fbb7,209
US,EB-F1-62-98-86-9F,b3f0:d762:30c0:a2a2:47a4:e0f0:78b5:9f56,656
FR,2C-AE-31-EC-E7-05,79a3:cef5:29b2:ded2:6990:7030:cc9d:4363,623
PL,CC-22-88-71-28-78,c694:bf6f:4933:e34d:e261:3ab0:cc24:27aa,899
UG,5C-F1-D7-D8-67-A0,b3e3:628c:896c:e7a6:1686:658f:f937:dc2f,919
CN,A1-3C-7A-0E-A8-FC,8be2:6e49:ea9a:f6ea:28f6:c659:9f22:e683,949
SI,42-6D-B4-D4-93-98,84c4:8029:2d4c:57ec:7bcb:8e85:31b4:bdd6,18
FI,E6-7E-21-38-90-E1,8a88:71d4:9085:5342:5924:e552:7d7e:82fb,891
RU,BB-79-5B-ED-1A-9A,5035:4e6b:4f1f:b83f:9aa3:5b84:f4f8:dc81,736
NG,F7-37-61-FB-5D-24,534e:2e12:e0d4:499:df14:c54f:fb3:3d4,210
ID,DF-22-21-8B-CE-62,60a2:88c0:34ad:f8d9:5449:dc9e:c686:a29b,8
ID,CA-8D-A9-9F-DE-03,e693:c274:59e0:9ded:e788:b335:6a53:473e,300
XK,C0-C1-BA-00-29-0A,ddd0:40b6:66b7:d200:af6:921f:96cf:9eec,134
CN,02-CF-CD-A9-08-16,33cc:898e:2ba8:9d55:f0ba:6ab2:cb65:af3f,730
CN,70-96-0A-90-DA-9E,e843:809c:9f0f:3519:b81e:d5cd:41ba:16cf,318
CN,9E-EF-83-A1-41-7C,82d6:9c:636c:9a9f:af49:6107:a818:e405,183
MD,42-3E-17-25-45-F9,54ab:49e4:a13:46d0:c559:2c56:3304:c10c,419
CN,B3-F1-3B-AB-E3-A6,7ce0:a3bd:488f:ee6f:2ff1:4d25:3aea:65,401
LA,F3-4A-9D-0A-76-41,aa44:5047:4483:ee9e:b7a:cda9:dcd1:2b8f,835
CN,9D-00-5C-DB-30-BC,9208:37f2:9f85:ef3b:de93:cf7e:2062:aa8b,853
CN,1A-3A-15-4F-5C-34,38ef:7de:c62a:b301:674a:d12c:148e:da85,868
CU,8B-D0-7D-25-D4-20,8d8b:d683:ff53:653c:d82c:55d2:da61:3959,52
SE,A8-48-23-CC-41-27,f6cf:54c9:e115:3ee2:5c16:67c7:9574:163a,452
LU,E8-D9-87-7F-0C-3F,94c6:90b2:bc47:47da:22f1:48c:7cc6:90fc,743
SE,32-8A-DB-AC-24-7B,58a8:fdac:e124:27ff:90de:8f92:ea55:68e3,719
CN,66-AE-E8-6A-81-B4,a294:db96:8df5:b163:ba:6f12:cd22:d409,241
PH,0D-38-19-4F-58-86,7492:4f89:1159:2eb4:63f3:d331:1c8f:9a88,223
CN,86-04-51-8E-72-71,c8e9:3338:9fa6:5025:46f5:33e6:4549:f09,226
JP,2E-15-16-0A-9A-05,d7f3:c010:8263:4f17:d830:d78c:34e8:a86e,550
PL,AE-CF-96-3A-6B-0C,1d4e:1567:fdb7:db69:bdc7:2e76:2a86:7698,298
PS,CA-6D-56-45-1D-C8,36f8:d5e3:ecf0:5b3f:a8f6:b5a9:ffc3:d333,646
ID,37-A0-6C-71-CC-E3,5b65:8d67:bc79:d9fb:d84d:40e8:26c4:9db,161
GH,E6-70-E0-CE-D1-D2,e63a:5cb3:1395:586e:ecd:bd0e:edde:89fb,185
CZ,72-D7-0D-AC-BA-76,e478:2f79:3d43:f6f7:b025:882a:8355:fcb9,909
AM,F1-4C-80-94-CF-39,57e1:64a9:515:9242:9e89:84aa:2b14:5c7a,665
ZA,84-28-F7-61-03-6B,9c2:6187:1d55:ef6b:b8e0:e285:5255:22f1,534
CN,44-47-1E-AF-87-54,affb:603c:cbae:c4f5:a9c4:f6da:d2a4:68e5,916
CN,22-7E-07-BD-96-79,dac6:a8d7:db22:a0c1:ab3:8d9a:f64a:1c27,199
CN,13-86-A6-99-E5-50,2b25:b756:d8eb:34a:e4b8:23fe:a46b:7fe0,637
SY,08-7E-1D-92-83-C8,1a4:f5b8:4d82:18dd:27c6:5da9:aca4:9178,529
PH,B7-23-F1-D6-30-18,e8ca:2b6f:5362:b579:a0ad:8bed:d1f0:b235,639
TH,C5-3E-7A-76-AA-45,6d68:6575:44df:3746:16c6:1888:e0a2:8622,241
CN,5F-88-F3-2C-D0-A9,6105:2140:c99e:54c9:10df:9023:21b3:ee6f,812
ZA,D7-C9-56-62-A6-61,5010:dfb9:f772:2c72:f238:b90a:3c24:4f2f,824
ES,D2-19-9C-3E-56-AA,30f:6e8b:c694:65d8:df50:8fd6:c55a:4bda,97
DE,8A-9D-DB-1F-3F-50,2ca0:e2eb:9e6f:cbe7:8aa8:e73e:fa25:3314,191
CN,0C-A5-9F-FB-67-29,dea2:1b35:4b93:3709:a965:6d1c:73df:5604,55
AR,BE-D7-DA-BB-CD-06,2c96:f6c8:f1e9:7f68:44d9:ea6a:fd4e:37c0,932
CN,93-9B-E0-17-50-1F,8a7d:a0e7:37a5:620b:1092:1f11:ba99:180,7
PT,43-DC-FE-08-B9-4A,241e:ad5f:db14:e76c:4ecc:5672:da11:d36e,206
CN,33-92-65-0D-32-57,21b8:e7c1:ca78:7144:c3d6:5b65:877a:d1ec,989
RU,EA-10-76-AD-61-5F,c5b0:82dd:4c0c:b462:8ff6:5cfc:1c99:5bce,583
BR,12-40-09-35-22-BC,5dd:16c1:973:c000:b131:5ea1:f206:d61f,971
AL,CE-03-C6-A0-ED-DA,dac4:4eb5:55ef:768f:dc2a:8b43:f38:bc,181
EE,A2-10-61-1D-9B-11,382b:6fd:ebb2:37a3:5678:32ad:9b96:e817,765
VE,20-D1-16-8B-EA-31,39f3:9104:36cd:b27d:8fd7:1351:f96d:f6cc,407
RU,14-86-F3-20-2D-45,f628:3f89:a6a7:9e9a:dd7a:159f:78d1:b4a3,831
CZ,FA-72-96-4E-DF-C5,2cc:acdd:a272:f337:44de:72ea:683a:7290,13
CN,4C-6E-05-1D-3C-64,b36:2f83:fcf5:b454:6dc1:1992:40be:2255,775
ID,E4-41-B4-99-12-F0,8096:76c1:f5e3:49ee:755b:5578:6d2c:729f,675
JP,FE-7D-A6-FB-1E-FD,1fbb:a69a:2d74:5a02:bb68:5be:87b2:3aa5,351
CN,1C-F3-72-46-0E-CC,8ffa:e2c8:2a6e:29f5:939b:6c37:a4ac:226c,382
RU,33-94-2E-03-65-06,84b9:777a:d025:f884:ed8c:418f:7883:99dc,228
UA,B8-04-53-F4-FA-3B,fbec:2aab:b63d:3057:1dfd:7abd:f84b:5ed3,191
MQ,AA-1C-7C-B4-2E-31,cff5:7fff:a629:7d60:815d:6f15:c8d4:5d94,951
TH,5C-C4-1A-80-46-BA,b0a5:c442:7b9b:6467:7d2e:2a62:90ba:6632,632
GR,A5-01-AC-EC-14-58,97a0:e648:50fa:e37:933b:2547:76c7:c925,359
SE,52-F8-DA-89-A6-86,521e:fa13:6b04:aeb8:93b8:20d0:6033:d094,954
CN,21-6D-EC-B6-53-F9,f994:e96f:7c9b:b9fd:b996:d1dd:b450:88c8,63
CN,0F-48-BD-D0-7A-A3,3f09:fbfd:8448:ac70:72fa:39ea:4155:a22b,309
CN,6D-29-8E-B9-B1-85,4368:28ae:4c5c:1db:3bc0:a40:b8da:b6b3,933
CN,B9-DB-A6-41-86-A0,ba1f:fdd1:353:7462:f93f:157c:b9cc:90ea,413
BR,C9-3D-B8-E3-BC-09,ae76:a13b:c815:38ea:4d74:1afb:74e0:fdfd,874
PT,FB-4E-96-77-E1-6F,812c:3a6a:a569:e130:5605:630d:b87a:4fc2,984
TW,3D-61-2A-24-47-4C,f057:21c8:1e37:2080:528d:6830:5b73:2f5a,420
CN,33-5C-F0-39-52-E6,67f5:ab72:e051:d3be:dd8a:ccdf:b79f:3682,109
PG,17-B6-AE-38-CA-CD,a6de:6add:dd88:ff7:8a10:dc95:6368:36,310
PH,E3-75-DD-30-99-D8,b75d:5dff:3e98:676f:455b:4284:d7f7:345d,275
RU,8A-AE-E0-22-BD-40,90b2:5b2b:2616:7034:dba7:d00a:5487:e976,385
TH,83-A5-87-F9-CE-78,1ba4:c115:3a79:d6c:4dce:d23f:785f:dae1,290
JP,99-80-25-82-86-60,5642:80b1:6b56:bb32:59fe:1985:ce31:830b,679
JP,F3-FD-4E-AF-C6-EC,c8d6:7cc4:1846:2076:affa:dcab:86c:1916,313
RU,8C-29-C1-92-3A-C9,83bf:22f:ccff:f23e:8e4c:458a:a62f:d3da,116
RU,35-55-AC-2D-45-73,8ea5:5a77:f221:d394:3f51:2b57:64f7:1eb6,83
PS,0B-04-DF-E2-93-59,2b86:dd3d:1d23:7d9a:9727:c65f:df54:5d42,838
CN,34-6E-8D-83-0C-BE,b1f4:2503:29b7:e9a3:f6:4269:eb9e:5a34,149
PL,96-B6-C1-B7-C7-41,3c76:91ac:affa:7452:7436:5780:7f5c:d99d,381
DE,52-AE-53-57-97-4F,56e2:bf69:f97a:bccb:5e9c:6dba:d80e:d259,997
PH,A9-40-DB-64-5F-2D,28d1:fea7:b2c6:f24a:7129:b083:51ea:9eec,933
ID,C1-F6-18-39-56-8C,4667:ea9a:1d4:ab85:73b3:7429:874:ac62,510
PK,A4-58-94-37-9F-85,d62f:9c42:504d:93ff:a26f:3543:4e85:6e51,413
JP,69-FE-B1-11-30-38,e58a:3c80:1443:1e5b:eaa6:1351:765b:d83e,8
HR,11-7F-E1-D9-35-8E,75e2:9cd4:fc76:3266:433b:f7ca:516d:edf6,690
CN,DA-76-33-F8-18-C0,649a:ecf3:c4c2:ba7a:8c72:8f12:f564:6f58,120
PH,37-BE-BC-6D-AA-C0,9e2c:473a:9d3c:ef78:28de:50c1:4f86:f342,885
ID,46-48-8A-69-B4-A3,82e0:c347:3f1d:4833:5b9a:cacc:c3d0:e5ae,193
US,2C-98-F4-CE-86-38,b0b6:379:47d3:aa52:e1c2:7077:9276:75aa,608
RU,AD-75-17-BB-10-80,492c:9d31:482a:f017:a367:2f45:a1f2:fbb,463
PT,7F-9C-CE-91-01-17,7dd2:5b2d:34ad:a7e4:9784:4b1a:fd3e:cda4,997
TH,1C-9D-7F-FB-9B-DA,bdd1:302:34e5:731:5c48:54d0:61:96ef,233
PL,B0-DA-99-8D-73-EC,633d:4ae9:a6cb:782:ae4a:1653:3a7:1cb9,30
CN,05-F9-71-E1-53-89,e096:dff4:bfea:4eb0:c057:7dd6:6c2e:2be3,350
ID,43-69-AE-1A-B3-9E,2c05:c83e:6e3d:3940:61f9:1a17:c4f7:afb0,548
AR,43-BF-2A-91-A8-E6,72f3:aa36:5ae7:887f:3e7d:e601:1771:641d,487
PL,7B-34-B2-CF-4E-F6,832e:98f3:ab66:8c6e:aaf4:da82:4fea:c354,361
PE,CA-F6-DD-B7-E6-9C,c2cf:ae98:ddb2:ab17:a0e5:b671:a25e:25e9,45
SA,40-F5-89-6F-F3-DB,47f9:8812:9a1c:ff47:8f84:535e:6185:e4f0,9
CN,F3-6D-1A-41-4C-71,df1b:e58:8c6c:2363:30e4:1bb7:748:d866,435
JP,A3-74-68-B9-29-01,1eb2:920e:d112:eea7:a891:c81f:1e31:4296,634
CA,00-0D-66-3E-F3-14,47de:b5b5:c8a4:aaee:3f15:9a9a:21c9:44e3,75
US,FD-09-88-B3-37-7F,a0c:6650:fc91:1569:2316:7a51:95e7:ffa1,68
PH,C8-E3-28-68-2A-F0,37dc:e178:e7f9:b378:a1d1:5ddd:af36:91f3,614
CN,D2-A5-81-DA-D2-26,9e2f:5c12:893e:9f11:aa0e:c919:fb01:f9a7,466
JP,F9-61-75-4B-3A-CA,640b:bd41:d5e1:85ad:c1ca:93c8:4419:9f94,380
FM,B8-9B-62-42-A3-4C,8bbe:57d6:e5f:5065:5fb6:f177:fdc:8904,129
HN,79-C5-9B-CA-A0-1C,cd89:fbb4:d44:91e4:4bd7:295b:c939:1d44,636
US,7A-17-E2-3D-52-DD,2113:a6f3:60fb:b2e7:6e53:709b:bf58:41ea,756
CN,2A-3B-7F-73-4F-3E,657d:7d73:f89d:4096:321c:4ac8:fd8c:f899,776
ID,54-D9-78-65-09-BA,a61a:5b1:2e5a:7e69:f8e9:2710:648e:cb7d,46
PL,48-D5-45-68-DB-C9,c017:addf:8d9d:7b56:9f7:b874:a752:610,656
CZ,A7-95-C9-8E-59-A9,7571:a848:b7b0:d6dc:131f:c146:c699:4ccd,647
UA,56-15-21-BE-71-FE,4023:418c:4787:c44b:118a:3062:90ff:54d7,452
TN,36-F0-C5-A1-02-6A,f548:8262:227a:9dde:6fe5:6835:65da:b6f1,491
CN,5E-E8-2B-56-31-2A,8c03:8d29:bc02:8f96:f51b:faf2:f79:a07f,987
SE,CF-6C-FE-42-DC-31,26d1:35a3:3ed0:8bf9:d71b:ab4b:8191:1647,481
PL,93-72-47-DE-47-C4,d442:6e20:f1f4:cbcc:d802:30ad:8e8f:689c,204
GT,3E-1E-49-B3-94-99,95b:5dc:e4da:33dd:4322:c43e:f9e7:25fd,668
UA,71-09-A1-56-0F-86,7208:4fae:e283:a86d:ab50:f7e9:a0ee:da40,358
AR,6A-C4-0F-17-52-D6,fcc5:bf0d:5f7b:e268:7e2b:15d:5992:d3e1,646
PE,E6-F6-CE-62-1C-B7,8a42:602b:daa8:65af:da89:7df8:4a8f:7f6f,131
CN,33-DC-DF-2B-AC-70,f404:5e31:f266:f199:84e6:224a:f1c0:4d61,707
TH,0E-7E-2D-7D-C5-AB,5cc5:ed9e:dde9:543b:2801:725b:5dbf:5ba7,223
RU,42-62-79-C9-DF-EE,36e9:6c7f:df3:118d:336f:1c85:c182:5541,191
PH,5E-C7-C8-C8-FC-10,7c2:13e2:66e2:9c10:410a:2270:df08:fd30,893
PH,EA-30-15-00-52-CE,14c8:8b42:1365:38e1:d623:5ff0:404e:b4ae,229
JO,AE-32-38-7A-51-73,77dc:c5aa:1d4c:7ddf:322b:2f5e:c1fe:e565,717
ID,F8-98-F0-A4-83-4C,5875:a2ee:d175:bf:394f:7df5:f074:1c1,537
NP,76-62-55-8A-DD-3E,cf42:fa64:f753:17d:acb4:cae0:f60e:632b,85
TH,B6-98-19-20-AE-FA,5be3:eb12:2b8:fa5f:f76c:d75d:3c60:1f33,94
JP,30-3D-48-0D-5A-1A,bf4e:1767:a5b6:4cec:e63:70ae:97fd:a50,576
CN,18-A9-73-69-00-D0,6a89:fafb:cc0b:677f:9170:24e3:c093:ac46,48
JP,A7-FD-5B-F4-C4-1E,a172:7bae:7b52:5c5d:e162:b118:4c69:7b9a,311
IR,2C-A5-AC-C9-3F-5A,78b3:ac8e:ae00:8067:4990:99cc:5f43:7674,717
